[{"name":"Pacific/Niue","alternativeName":"Niue Time","countryName":"Niue","mainCities":["Alofi"],"group":["Pacific/Niue"],"rawOffsetInMinutes":-660,"formatted":"-11:00 Niue Time - Alofi"},
{"name":"Pacific/Midway","alternativeName":"Samoa Time","countryName":"United States Minor Outlying Islands","mainCities":["Midway"],"group":["Pacific/Midway"],"rawOffsetInMinutes":-660,"formatted":"-11:00 Samoa Time - Midway"},
{"name":"Pacific/Pago_Pago","alternativeName":"Samoa Time","countryName":"American Samoa","mainCities":["Pago Pago"],"group":["Pacific/Pago_Pago"],"rawOffsetInMinutes":-660,"formatted":"-11:00 Samoa Time - Pago Pago"},
{"name":"Pacific/Rarotonga","alternativeName":"Cook Islands Time","countryName":"Cook Islands","mainCities":["Avarua"],"group":["Pacific/Rarotonga"],"rawOffsetInMinutes":-600,"formatted":"-10:00 Cook Islands Time - Avarua"},
{"name":"America/Adak","alternativeName":"Hawaii-Aleutian Time","countryName":"United States","mainCities":["Adak"],"group":["America/Adak"],"rawOffsetInMinutes":-600,"formatted":"-10:00 Hawaii-Aleutian Time - Adak"},
{"name":"Pacific/Honolulu","alternativeName":"Hawaii-Aleutian Time","countryName":"United States","mainCities":["Honolulu","East Honolulu"],"group":["Pacific/Honolulu"],"rawOffsetInMinutes":-600,"formatted":"-10:00 Hawaii-Aleutian Time - Honolulu, East Honolulu"},
{"name":"Pacific/Tahiti","alternativeName":"Tahiti Time","countryName":"French Polynesia","mainCities":["Faaa","Papeete"],"group":["Pacific/Tahiti"],"rawOffsetInMinutes":-600,"formatted":"-10:00 Tahiti Time - Faaa, Papeete"},
{"name":"Pacific/Marquesas","alternativeName":"Marquesas Time","countryName":"French Polynesia","mainCities":["Marquesas"],"group":["Pacific/Marquesas"],"rawOffsetInMinutes":-570,"formatted":"-09:30 Marquesas Time - Marquesas"},
{"name":"America/Anchorage","alternativeName":"Alaska Time","countryName":"United States","mainCities":["Anchorage","Juneau"],"group":["America/Anchorage","America/Juneau","America/Metlakatla","America/Nome","America/Sitka","America/Yakutat"],"rawOffsetInMinutes":-540,"formatted":"-09:00 Alaska Time - Anchorage, Juneau"},
{"name":"Pacific/Gambier","alternativeName":"Gambier Time","countryName":"French Polynesia","mainCities":["Gambier"],"group":["Pacific/Gambier"],"rawOffsetInMinutes":-540,"formatted":"-09:00 Gambier Time - Gambier"},
{"name":"America/Los_Angeles","alternativeName":"Pacific Time","countryName":"United States","mainCities":["Los Angeles","San Diego"],"group":["America/Los_Angeles"],"rawOffsetInMinutes":-480,"formatted":"-08:00 Pacific Time - Los Angeles, San Diego"},
{"name":"America/Tijuana","alternativeName":"Pacific Time","countryName":"Mexico","mainCities":["Tijuana","Mexicali"],"group":["America/Tijuana"],"rawOffsetInMinutes":-480,"formatted":"-08:00 Pacific Time - Tijuana, Mexicali"},
{"name":"America/Vancouver","alternativeName":"Pacific Time","countryName":"Canada","mainCities":["Vancouver","Surrey"],"group":["America/Vancouver"],"rawOffsetInMinutes":-480,"formatted":"-08:00 Pacific Time - Vancouver, Surrey"},
{"name":"Pacific/Pitcairn","alternativeName":"Pitcairn Time","countryName":"Pitcairn","mainCities":["Adamstown"],"group":["Pacific/Pitcairn"],"rawOffsetInMinutes":-480,"formatted":"-08:00 Pitcairn Time - Adamstown"},
{"name":"America/Hermosillo","alternativeName":"Mexican Pacific Time","countryName":"Mexico","mainCities":["Hermosillo","Ciudad Obregón"],"group":["America/Hermosillo"],"rawOffsetInMinutes":-420,"formatted":"-07:00 Mexican Pacific Time - Hermosillo, Ciudad Obregón"},
{"name":"America/Edmonton","alternativeName":"Mountain Time","countryName":"Canada","mainCities":["Calgary","Edmonton"],"group":["America/Cambridge_Bay","America/Edmonton","America/Inuvik","America/Yellowknife"],"rawOffsetInMinutes":-420,"formatted":"-07:00 Mountain Time - Calgary, Edmonton"},
{"name":"America/Ojinaga","alternativeName":"Mountain Time","countryName":"Mexico","mainCities":["Ciudad Juárez","Chihuahua"],"group":["America/Chihuahua","America/Mazatlan","America/Ojinaga"],"rawOffsetInMinutes":-420,"formatted":"-07:00 Mountain Time - Ciudad Juárez, Chihuahua"},
{"name":"America/Denver","alternativeName":"Mountain Time","countryName":"United States","mainCities":["Denver","El Paso"],"group":["America/Boise","America/Denver"],"rawOffsetInMinutes":-420,"formatted":"-07:00 Mountain Time - Denver, El Paso"},
{"name":"America/Dawson_Creek","alternativeName":"Mountain Time","countryName":"Canada","mainCities":["Fort St. John","Creston"],"group":["America/Creston","America/Dawson_Creek","America/Fort_Nelson"],"rawOffsetInMinutes":-420,"formatted":"-07:00 Mountain Time - Fort St. John, Creston"},
{"name":"America/Phoenix","alternativeName":"Mountain Time","countryName":"United States","mainCities":["Phoenix","Tucson"],"group":["America/Phoenix"],"rawOffsetInMinutes":-420,"formatted":"-07:00 Mountain Time - Phoenix, Tucson"},
{"name":"America/Whitehorse","alternativeName":"Pacific Time","countryName":"Canada","mainCities":["Whitehorse","Dawson"],"group":["America/Dawson","America/Whitehorse"],"rawOffsetInMinutes":-420,"formatted":"-07:00 Pacific Time - Whitehorse, Dawson"},
{"name":"America/Belize","alternativeName":"Central Time","countryName":"Belize","mainCities":["Belize City","San Ignacio"],"group":["America/Belize"],"rawOffsetInMinutes":-360,"formatted":"-06:00 Central Time - Belize City, San Ignacio"},
{"name":"America/Chicago","alternativeName":"Central Time","countryName":"United States","mainCities":["Chicago","Houston"],"group":["America/Chicago","America/Indiana/Knox","America/Indiana/Tell_City","America/Menominee","America/North_Dakota/Beulah","America/North_Dakota/Center","America/North_Dakota/New_Salem"],"rawOffsetInMinutes":-360,"formatted":"-06:00 Central Time - Chicago, Houston"},
{"name":"America/Guatemala","alternativeName":"Central Time","countryName":"Guatemala","mainCities":["Guatemala City","Mixco"],"group":["America/Guatemala"],"rawOffsetInMinutes":-360,"formatted":"-06:00 Central Time - Guatemala City, Mixco"},
{"name":"America/Managua","alternativeName":"Central Time","countryName":"Nicaragua","mainCities":["Managua","León"],"group":["America/Managua"],"rawOffsetInMinutes":-360,"formatted":"-06:00 Central Time - Managua, León"},
{"name":"America/Mexico_City","alternativeName":"Central Time","countryName":"Mexico","mainCities":["Mexico City","Iztapalapa"],"group":["America/Bahia_Banderas","America/Matamoros","America/Merida","America/Mexico_City","America/Monterrey"],"rawOffsetInMinutes":-360,"formatted":"-06:00 Central Time - Mexico City, Iztapalapa"},
{"name":"America/Costa_Rica","alternativeName":"Central Time","countryName":"Costa Rica","mainCities":["San José","Limón"],"group":["America/Costa_Rica"],"rawOffsetInMinutes":-360,"formatted":"-06:00 Central Time - San José, Limón"},
{"name":"America/El_Salvador","alternativeName":"Central Time","countryName":"El Salvador","mainCities":["San Salvador","Soyapango"],"group":["America/El_Salvador"],"rawOffsetInMinutes":-360,"formatted":"-06:00 Central Time - San Salvador, Soyapango"},
{"name":"America/Regina","alternativeName":"Central Time","countryName":"Canada","mainCities":["Saskatoon","Regina"],"group":["America/Regina","America/Swift_Current"],"rawOffsetInMinutes":-360,"formatted":"-06:00 Central Time - Saskatoon, Regina"},
{"name":"America/Tegucigalpa","alternativeName":"Central Time","countryName":"Honduras","mainCities":["Tegucigalpa","San Pedro Sula"],"group":["America/Tegucigalpa"],"rawOffsetInMinutes":-360,"formatted":"-06:00 Central Time - Tegucigalpa, San Pedro Sula"},
{"name":"America/Winnipeg","alternativeName":"Central Time","countryName":"Canada","mainCities":["Winnipeg","Brandon"],"group":["America/Rainy_River","America/Rankin_Inlet","America/Resolute","America/Winnipeg"],"rawOffsetInMinutes":-360,"formatted":"-06:00 Central Time - Winnipeg, Brandon"},
{"name":"Pacific/Easter","alternativeName":"Easter Island Summer Time","countryName":"Chile","mainCities":["Easter"],"group":["Pacific/Easter"],"rawOffsetInMinutes":-360,"formatted":"-06:00 Easter Island Summer Time - Easter"},
{"name":"Pacific/Galapagos","alternativeName":"Galapagos Time","countryName":"Ecuador","mainCities":["Galapagos"],"group":["Pacific/Galapagos"],"rawOffsetInMinutes":-360,"formatted":"-06:00 Galapagos Time - Galapagos"},
{"name":"America/Rio_Branco","alternativeName":"Acre Time","countryName":"Brazil","mainCities":["Rio Branco","Cruzeiro do Sul"],"group":["America/Eirunepe","America/Rio_Branco"],"rawOffsetInMinutes":-300,"formatted":"-05:00 Acre Time - Rio Branco, Cruzeiro do Sul"},
{"name":"America/Bogota","alternativeName":"Colombia Time","countryName":"Colombia","mainCities":["Bogotá","Cali"],"group":["America/Bogota"],"rawOffsetInMinutes":-300,"formatted":"-05:00 Colombia Time - Bogotá, Cali"},
{"name":"America/Havana","alternativeName":"Cuba Time","countryName":"Cuba","mainCities":["Havana","Santiago de Cuba"],"group":["America/Havana"],"rawOffsetInMinutes":-300,"formatted":"-05:00 Cuba Time - Havana, Santiago de Cuba"},
{"name":"America/Atikokan","alternativeName":"Eastern Time","countryName":"Canada","mainCities":["Atikokan"],"group":["America/Atikokan"],"rawOffsetInMinutes":-300,"formatted":"-05:00 Eastern Time - Atikokan"},
{"name":"America/Cancun","alternativeName":"Eastern Time","countryName":"Mexico","mainCities":["Cancún","Chetumal"],"group":["America/Cancun"],"rawOffsetInMinutes":-300,"formatted":"-05:00 Eastern Time - Cancún, Chetumal"},
{"name":"America/Grand_Turk","alternativeName":"Eastern Time","countryName":"Turks and Caicos Islands","mainCities":["Cockburn Town"],"group":["America/Grand_Turk"],"rawOffsetInMinutes":-300,"formatted":"-05:00 Eastern Time - Cockburn Town"},
{"name":"America/Cayman","alternativeName":"Eastern Time","countryName":"Cayman Islands","mainCities":["George Town"],"group":["America/Cayman"],"rawOffsetInMinutes":-300,"formatted":"-05:00 Eastern Time - George Town"},
{"name":"America/Jamaica","alternativeName":"Eastern Time","countryName":"Jamaica","mainCities":["Kingston","New Kingston"],"group":["America/Jamaica"],"rawOffsetInMinutes":-300,"formatted":"-05:00 Eastern Time - Kingston, New Kingston"},
{"name":"America/Nassau","alternativeName":"Eastern Time","countryName":"Bahamas","mainCities":["Nassau","Lucaya"],"group":["America/Nassau"],"rawOffsetInMinutes":-300,"formatted":"-05:00 Eastern Time - Nassau, Lucaya"},
{"name":"America/New_York","alternativeName":"Eastern Time","countryName":"United States","mainCities":["New York City","Brooklyn"],"group":["America/Detroit","America/Indiana/Indianapolis","America/Indiana/Marengo","America/Indiana/Petersburg","America/Indiana/Vevay","America/Indiana/Vincennes","America/Indiana/Winamac","America/Kentucky/Louisville","America/Kentucky/Monticello","America/New_York"],"rawOffsetInMinutes":-300,"formatted":"-05:00 Eastern Time - New York City, Brooklyn"},
{"name":"America/Panama","alternativeName":"Eastern Time","countryName":"Panama","mainCities":["Panamá","San Miguelito"],"group":["America/Panama"],"rawOffsetInMinutes":-300,"formatted":"-05:00 Eastern Time - Panamá, San Miguelito"},
{"name":"America/Port-au-Prince","alternativeName":"Eastern Time","countryName":"Haiti","mainCities":["Port-au-Prince","Carrefour"],"group":["America/Port-au-Prince"],"rawOffsetInMinutes":-300,"formatted":"-05:00 Eastern Time - Port-au-Prince, Carrefour"},
{"name":"America/Toronto","alternativeName":"Eastern Time","countryName":"Canada","mainCities":["Toronto","Montréal"],"group":["America/Iqaluit","America/Nipigon","America/Pangnirtung","America/Thunder_Bay","America/Toronto"],"rawOffsetInMinutes":-300,"formatted":"-05:00 Eastern Time - Toronto, Montréal"},
{"name":"America/Guayaquil","alternativeName":"Ecuador Time","countryName":"Ecuador","mainCities":["Guayaquil","Quito"],"group":["America/Guayaquil"],"rawOffsetInMinutes":-300,"formatted":"-05:00 Ecuador Time - Guayaquil, Quito"},
{"name":"America/Lima","alternativeName":"Peru Time","countryName":"Peru","mainCities":["Lima","Arequipa"],"group":["America/Lima"],"rawOffsetInMinutes":-300,"formatted":"-05:00 Peru Time - Lima, Arequipa"},
{"name":"America/Manaus","alternativeName":"Amazon Time","countryName":"Brazil","mainCities":["Manaus","Campo Grande"],"group":["America/Boa_Vista","America/Campo_Grande","America/Cuiaba","America/Manaus","America/Porto_Velho"],"rawOffsetInMinutes":-240,"formatted":"-04:00 Amazon Time - Manaus, Campo Grande"},
{"name":"America/St_Kitts","alternativeName":"Atlantic Time","countryName":"Saint Kitts and Nevis","mainCities":["Basseterre"],"group":["America/St_Kitts"],"rawOffsetInMinutes":-240,"formatted":"-04:00 Atlantic Time - Basseterre"},
{"name":"America/Montserrat","alternativeName":"Atlantic Time","countryName":"Montserrat","mainCities":["Brades","Plymouth"],"group":["America/Montserrat"],"rawOffsetInMinutes":-240,"formatted":"-04:00 Atlantic Time - Brades, Plymouth"},
{"name":"America/Barbados","alternativeName":"Atlantic Time","countryName":"Barbados","mainCities":["Bridgetown"],"group":["America/Barbados"],"rawOffsetInMinutes":-240,"formatted":"-04:00 Atlantic Time - Bridgetown"},
{"name":"America/St_Lucia","alternativeName":"Atlantic Time","countryName":"Saint Lucia","mainCities":["Castries"],"group":["America/St_Lucia"],"rawOffsetInMinutes":-240,"formatted":"-04:00 Atlantic Time - Castries"},
{"name":"America/Port_of_Spain","alternativeName":"Atlantic Time","countryName":"Trinidad and Tobago","mainCities":["Chaguanas","Mon Repos"],"group":["America/Port_of_Spain"],"rawOffsetInMinutes":-240,"formatted":"-04:00 Atlantic Time - Chaguanas, Mon Repos"},
{"name":"America/Martinique","alternativeName":"Atlantic Time","countryName":"Martinique","mainCities":["Fort-de-France","Le Lamentin"],"group":["America/Martinique"],"rawOffsetInMinutes":-240,"formatted":"-04:00 Atlantic Time - Fort-de-France, Le Lamentin"},
{"name":"America/St_Barthelemy","alternativeName":"Atlantic Time","countryName":"Saint Barthelemy","mainCities":["Gustavia"],"group":["America/St_Barthelemy"],"rawOffsetInMinutes":-240,"formatted":"-04:00 Atlantic Time - Gustavia"},
{"name":"America/Halifax","alternativeName":"Atlantic Time","countryName":"Canada","mainCities":["Halifax","Moncton"],"group":["America/Glace_Bay","America/Goose_Bay","America/Halifax","America/Moncton"],"rawOffsetInMinutes":-240,"formatted":"-04:00 Atlantic Time - Halifax, Moncton"},
{"name":"Atlantic/Bermuda","alternativeName":"Atlantic Time","countryName":"Bermuda","mainCities":["Hamilton"],"group":["Atlantic/Bermuda"],"rawOffsetInMinutes":-240,"formatted":"-04:00 Atlantic Time - Hamilton"},
{"name":"America/St_Vincent","alternativeName":"Atlantic Time","countryName":"Saint Vincent and the Grenadines","mainCities":["Kingstown","Kingstown Park"],"group":["America/St_Vincent"],"rawOffsetInMinutes":-240,"formatted":"-04:00 Atlantic Time - Kingstown, Kingstown Park"},
{"name":"America/Kralendijk","alternativeName":"Atlantic Time","countryName":"Bonaire, Saint Eustatius and Saba ","mainCities":["Kralendijk"],"group":["America/Kralendijk"],"rawOffsetInMinutes":-240,"formatted":"-04:00 Atlantic Time - Kralendijk"},
{"name":"America/Guadeloupe","alternativeName":"Atlantic Time","countryName":"Guadeloupe","mainCities":["Les Abymes","Baie-Mahault"],"group":["America/Guadeloupe"],"rawOffsetInMinutes":-240,"formatted":"-04:00 Atlantic Time - Les Abymes, Baie-Mahault"},
{"name":"America/Blanc-Sablon","alternativeName":"Atlantic Time","countryName":"Canada","mainCities":["Lévis"],"group":["America/Blanc-Sablon"],"rawOffsetInMinutes":-240,"formatted":"-04:00 Atlantic Time - Lévis"},
{"name":"America/Marigot","alternativeName":"Atlantic Time","countryName":"Saint Martin","mainCities":["Marigot"],"group":["America/Marigot"],"rawOffsetInMinutes":-240,"formatted":"-04:00 Atlantic Time - Marigot"},
{"name":"America/Aruba","alternativeName":"Atlantic Time","countryName":"Aruba","mainCities":["Oranjestad","Tanki Leendert"],"group":["America/Aruba"],"rawOffsetInMinutes":-240,"formatted":"-04:00 Atlantic Time - Oranjestad, Tanki Leendert"},
{"name":"America/Lower_Princes","alternativeName":"Atlantic Time","countryName":"Sint Maarten","mainCities":["Philipsburg"],"group":["America/Lower_Princes"],"rawOffsetInMinutes":-240,"formatted":"-04:00 Atlantic Time - Philipsburg"},
{"name":"America/Tortola","alternativeName":"Atlantic Time","countryName":"British Virgin Islands","mainCities":["Road Town"],"group":["America/Tortola"],"rawOffsetInMinutes":-240,"formatted":"-04:00 Atlantic Time - Road Town"},
{"name":"America/Dominica","alternativeName":"Atlantic Time","countryName":"Dominica","mainCities":["Roseau"],"group":["America/Dominica"],"rawOffsetInMinutes":-240,"formatted":"-04:00 Atlantic Time - Roseau"},
{"name":"America/St_Thomas","alternativeName":"Atlantic Time","countryName":"U.S. Virgin Islands","mainCities":["Saint Croix","Charlotte Amalie"],"group":["America/St_Thomas"],"rawOffsetInMinutes":-240,"formatted":"-04:00 Atlantic Time - Saint Croix, Charlotte Amalie"},
{"name":"America/Grenada","alternativeName":"Atlantic Time","countryName":"Grenada","mainCities":["Saint George's"],"group":["America/Grenada"],"rawOffsetInMinutes":-240,"formatted":"-04:00 Atlantic Time - Saint George's"},
{"name":"America/Antigua","alternativeName":"Atlantic Time","countryName":"Antigua and Barbuda","mainCities":["Saint John’s"],"group":["America/Antigua"],"rawOffsetInMinutes":-240,"formatted":"-04:00 Atlantic Time - Saint John’s"},
{"name":"America/Puerto_Rico","alternativeName":"Atlantic Time","countryName":"Puerto Rico","mainCities":["San Juan","Bayamón"],"group":["America/Puerto_Rico"],"rawOffsetInMinutes":-240,"formatted":"-04:00 Atlantic Time - San Juan, Bayamón"},
{"name":"America/Santo_Domingo","alternativeName":"Atlantic Time","countryName":"Dominican Republic","mainCities":["Santo Domingo","Santiago de los Caballeros"],"group":["America/Santo_Domingo"],"rawOffsetInMinutes":-240,"formatted":"-04:00 Atlantic Time - Santo Domingo, Santiago de los Caballeros"},
{"name":"America/Anguilla","alternativeName":"Atlantic Time","countryName":"Anguilla","mainCities":["The Valley"],"group":["America/Anguilla"],"rawOffsetInMinutes":-240,"formatted":"-04:00 Atlantic Time - The Valley"},
{"name":"America/Thule","alternativeName":"Atlantic Time","countryName":"Greenland","mainCities":["Thule"],"group":["America/Thule"],"rawOffsetInMinutes":-240,"formatted":"-04:00 Atlantic Time - Thule"},
{"name":"America/Curacao","alternativeName":"Atlantic Time","countryName":"Curacao","mainCities":["Willemstad"],"group":["America/Curacao"],"rawOffsetInMinutes":-240,"formatted":"-04:00 Atlantic Time - Willemstad"},
{"name":"America/La_Paz","alternativeName":"Bolivia Time","countryName":"Bolivia","mainCities":["Santa Cruz de la Sierra","Cochabamba"],"group":["America/La_Paz"],"rawOffsetInMinutes":-240,"formatted":"-04:00 Bolivia Time - Santa Cruz de la Sierra, Cochabamba"},
{"name":"America/Santiago","alternativeName":"Chile Summer Time","countryName":"Chile","mainCities":["Santiago","Puente Alto"],"group":["America/Santiago"],"rawOffsetInMinutes":-240,"formatted":"-04:00 Chile Summer Time - Santiago, Puente Alto"},
{"name":"America/Guyana","alternativeName":"Guyana Time","countryName":"Guyana","mainCities":["Georgetown","Linden"],"group":["America/Guyana"],"rawOffsetInMinutes":-240,"formatted":"-04:00 Guyana Time - Georgetown, Linden"},
{"name":"America/Asuncion","alternativeName":"Paraguay Summer Time","countryName":"Paraguay","mainCities":["Asunción","Ciudad del Este"],"group":["America/Asuncion"],"rawOffsetInMinutes":-240,"formatted":"-04:00 Paraguay Summer Time - Asunción, Ciudad del Este"},
{"name":"America/Caracas","alternativeName":"Venezuela Time","countryName":"Venezuela","mainCities":["Caracas","Maracaibo"],"group":["America/Caracas"],"rawOffsetInMinutes":-240,"formatted":"-04:00 Venezuela Time - Caracas, Maracaibo"},
{"name":"America/St_Johns","alternativeName":"Newfoundland Time","countryName":"Canada","mainCities":["St. John's","Mount Pearl"],"group":["America/St_Johns"],"rawOffsetInMinutes":-210,"formatted":"-03:30 Newfoundland Time - St. John's, Mount Pearl"},
{"name":"America/Argentina/Buenos_Aires","alternativeName":"Argentina Time","countryName":"Argentina","mainCities":["Buenos Aires","Córdoba"],"group":["America/Argentina/Buenos_Aires","America/Argentina/Catamarca","America/Argentina/Cordoba","America/Argentina/Jujuy","America/Argentina/La_Rioja","America/Argentina/Mendoza","America/Argentina/Rio_Gallegos","America/Argentina/Salta","America/Argentina/San_Juan","America/Argentina/San_Luis","America/Argentina/Tucuman","America/Argentina/Ushuaia"],"rawOffsetInMinutes":-180,"formatted":"-03:00 Argentina Time - Buenos Aires, Córdoba"},
{"name":"America/Sao_Paulo","alternativeName":"Brasilia Time","countryName":"Brazil","mainCities":["São Paulo","Rio de Janeiro"],"group":["America/Araguaina","America/Bahia","America/Belem","America/Fortaleza","America/Maceio","America/Recife","America/Santarem","America/Sao_Paulo"],"rawOffsetInMinutes":-180,"formatted":"-03:00 Brasilia Time - São Paulo, Rio de Janeiro"},
{"name":"Antarctica/Palmer","alternativeName":"Chile Time","countryName":"Antarctica","mainCities":["Palmer","Rothera"],"group":["Antarctica/Palmer","Antarctica/Rothera"],"rawOffsetInMinutes":-180,"formatted":"-03:00 Chile Time - Palmer, Rothera"},
{"name":"America/Punta_Arenas","alternativeName":"Chile Time","countryName":"Chile","mainCities":["Punta Arenas","Puerto Natales"],"group":["America/Punta_Arenas"],"rawOffsetInMinutes":-180,"formatted":"-03:00 Chile Time - Punta Arenas, Puerto Natales"},
{"name":"Atlantic/Stanley","alternativeName":"Falkland Islands Time","countryName":"Falkland Islands","mainCities":["Stanley"],"group":["Atlantic/Stanley"],"rawOffsetInMinutes":-180,"formatted":"-03:00 Falkland Islands Time - Stanley"},
{"name":"America/Cayenne","alternativeName":"French Guiana Time","countryName":"French Guiana","mainCities":["Cayenne","Matoury"],"group":["America/Cayenne"],"rawOffsetInMinutes":-180,"formatted":"-03:00 French Guiana Time - Cayenne, Matoury"},
{"name":"America/Miquelon","alternativeName":"St. Pierre & Miquelon Time","countryName":"Saint Pierre and Miquelon","mainCities":["Saint-Pierre"],"group":["America/Miquelon"],"rawOffsetInMinutes":-180,"formatted":"-03:00 St. Pierre & Miquelon Time - Saint-Pierre"},
{"name":"America/Paramaribo","alternativeName":"Suriname Time","countryName":"Suriname","mainCities":["Paramaribo","Lelydorp"],"group":["America/Paramaribo"],"rawOffsetInMinutes":-180,"formatted":"-03:00 Suriname Time - Paramaribo, Lelydorp"},
{"name":"America/Montevideo","alternativeName":"Uruguay Time","countryName":"Uruguay","mainCities":["Montevideo","Salto"],"group":["America/Montevideo"],"rawOffsetInMinutes":-180,"formatted":"-03:00 Uruguay Time - Montevideo, Salto"},
{"name":"America/Godthab","alternativeName":"West Greenland Time","countryName":"Greenland","mainCities":["Nuuk"],"group":["America/Godthab"],"rawOffsetInMinutes":-180,"formatted":"-03:00 West Greenland Time - Nuuk"},
{"name":"America/Noronha","alternativeName":"Fernando de Noronha Time","countryName":"Brazil","mainCities":["Noronha"],"group":["America/Noronha"],"rawOffsetInMinutes":-120,"formatted":"-02:00 Fernando de Noronha Time - Noronha"},
{"name":"Atlantic/South_Georgia","alternativeName":"South Georgia Time","countryName":"South Georgia and the South Sandwich Islands","mainCities":["Grytviken"],"group":["Atlantic/South_Georgia"],"rawOffsetInMinutes":-120,"formatted":"-02:00 South Georgia Time - Grytviken"},
{"name":"Atlantic/Azores","alternativeName":"Azores Time","countryName":"Portugal","mainCities":["Ponta Delgada"],"group":["Atlantic/Azores"],"rawOffsetInMinutes":-60,"formatted":"-01:00 Azores Time - Ponta Delgada"},
{"name":"Atlantic/Cape_Verde","alternativeName":"Cape Verde Time","countryName":"Cabo Verde","mainCities":["Praia","Mindelo"],"group":["Atlantic/Cape_Verde"],"rawOffsetInMinutes":-60,"formatted":"-01:00 Cape Verde Time - Praia, Mindelo"},
{"name":"America/Scoresbysund","alternativeName":"East Greenland Time","countryName":"Greenland","mainCities":["Scoresbysund"],"group":["America/Scoresbysund"],"rawOffsetInMinutes":-60,"formatted":"-01:00 East Greenland Time - Scoresbysund"},
{"name":"Africa/Abidjan","alternativeName":"Greenwich Mean Time","countryName":"Ivory Coast","mainCities":["Abidjan","Abobo"],"group":["Africa/Abidjan"],"rawOffsetInMinutes":0,"formatted":"+00:00 Greenwich Mean Time - Abidjan, Abobo"},
{"name":"Africa/Accra","alternativeName":"Greenwich Mean Time","countryName":"Ghana","mainCities":["Accra","Kumasi"],"group":["Africa/Accra"],"rawOffsetInMinutes":0,"formatted":"+00:00 Greenwich Mean Time - Accra, Kumasi"},
{"name":"Africa/Bamako","alternativeName":"Greenwich Mean Time","countryName":"Mali","mainCities":["Bamako","Sikasso"],"group":["Africa/Bamako"],"rawOffsetInMinutes":0,"formatted":"+00:00 Greenwich Mean Time - Bamako, Sikasso"},
{"name":"Africa/Bissau","alternativeName":"Greenwich Mean Time","countryName":"Guinea-Bissau","mainCities":["Bissau","Bafatá"],"group":["Africa/Bissau"],"rawOffsetInMinutes":0,"formatted":"+00:00 Greenwich Mean Time - Bissau, Bafatá"},
{"name":"Africa/Conakry","alternativeName":"Greenwich Mean Time","countryName":"Guinea","mainCities":["Camayenne","Conakry"],"group":["Africa/Conakry"],"rawOffsetInMinutes":0,"formatted":"+00:00 Greenwich Mean Time - Camayenne, Conakry"},
{"name":"Africa/Dakar","alternativeName":"Greenwich Mean Time","countryName":"Senegal","mainCities":["Dakar","Pikine"],"group":["Africa/Dakar"],"rawOffsetInMinutes":0,"formatted":"+00:00 Greenwich Mean Time - Dakar, Pikine"},
{"name":"America/Danmarkshavn","alternativeName":"Greenwich Mean Time","countryName":"Greenland","mainCities":["Danmarkshavn"],"group":["America/Danmarkshavn"],"rawOffsetInMinutes":0,"formatted":"+00:00 Greenwich Mean Time - Danmarkshavn"},
{"name":"Europe/Isle_of_Man","alternativeName":"Greenwich Mean Time","countryName":"Isle of Man","mainCities":["Douglas"],"group":["Europe/Isle_of_Man"],"rawOffsetInMinutes":0,"formatted":"+00:00 Greenwich Mean Time - Douglas"},
{"name":"Africa/Freetown","alternativeName":"Greenwich Mean Time","countryName":"Sierra Leone","mainCities":["Freetown","Bo"],"group":["Africa/Freetown"],"rawOffsetInMinutes":0,"formatted":"+00:00 Greenwich Mean Time - Freetown, Bo"},
{"name":"Atlantic/St_Helena","alternativeName":"Greenwich Mean Time","countryName":"Saint Helena","mainCities":["Jamestown"],"group":["Atlantic/St_Helena"],"rawOffsetInMinutes":0,"formatted":"+00:00 Greenwich Mean Time - Jamestown"},
{"name":"Africa/Lome","alternativeName":"Greenwich Mean Time","countryName":"Togo","mainCities":["Lomé","Sokodé"],"group":["Africa/Lome"],"rawOffsetInMinutes":0,"formatted":"+00:00 Greenwich Mean Time - Lomé, Sokodé"},
{"name":"Europe/London","alternativeName":"Greenwich Mean Time","countryName":"United Kingdom","mainCities":["London","Birmingham"],"group":["Europe/London"],"rawOffsetInMinutes":0,"formatted":"+00:00 Greenwich Mean Time - London, Birmingham"},
{"name":"Africa/Monrovia","alternativeName":"Greenwich Mean Time","countryName":"Liberia","mainCities":["Monrovia","Gbarnga"],"group":["Africa/Monrovia"],"rawOffsetInMinutes":0,"formatted":"+00:00 Greenwich Mean Time - Monrovia, Gbarnga"},
{"name":"Africa/Nouakchott","alternativeName":"Greenwich Mean Time","countryName":"Mauritania","mainCities":["Nouakchott","Nouadhibou"],"group":["Africa/Nouakchott"],"rawOffsetInMinutes":0,"formatted":"+00:00 Greenwich Mean Time - Nouakchott, Nouadhibou"},
{"name":"Africa/Ouagadougou","alternativeName":"Greenwich Mean Time","countryName":"Burkina Faso","mainCities":["Ouagadougou","Bobo-Dioulasso"],"group":["Africa/Ouagadougou"],"rawOffsetInMinutes":0,"formatted":"+00:00 Greenwich Mean Time - Ouagadougou, Bobo-Dioulasso"},
{"name":"Atlantic/Reykjavik","alternativeName":"Greenwich Mean Time","countryName":"Iceland","mainCities":["Reykjavík","Kópavogur"],"group":["Atlantic/Reykjavik"],"rawOffsetInMinutes":0,"formatted":"+00:00 Greenwich Mean Time - Reykjavík, Kópavogur"},
{"name":"Europe/Jersey","alternativeName":"Greenwich Mean Time","countryName":"Jersey","mainCities":["Saint Helier"],"group":["Europe/Jersey"],"rawOffsetInMinutes":0,"formatted":"+00:00 Greenwich Mean Time - Saint Helier"},
{"name":"Europe/Guernsey","alternativeName":"Greenwich Mean Time","countryName":"Guernsey","mainCities":["Saint Peter Port"],"group":["Europe/Guernsey"],"rawOffsetInMinutes":0,"formatted":"+00:00 Greenwich Mean Time - Saint Peter Port"},
{"name":"Africa/Banjul","alternativeName":"Greenwich Mean Time","countryName":"Gambia","mainCities":["Serekunda","Brikama"],"group":["Africa/Banjul"],"rawOffsetInMinutes":0,"formatted":"+00:00 Greenwich Mean Time - Serekunda, Brikama"},
{"name":"Africa/Sao_Tome","alternativeName":"Greenwich Mean Time","countryName":"Sao Tome and Principe","mainCities":["São Tomé"],"group":["Africa/Sao_Tome"],"rawOffsetInMinutes":0,"formatted":"+00:00 Greenwich Mean Time - São Tomé"},
{"name":"Antarctica/Troll","alternativeName":"Greenwich Mean Time","countryName":"Antarctica","mainCities":["Troll"],"group":["Antarctica/Troll"],"rawOffsetInMinutes":0,"formatted":"+00:00 Greenwich Mean Time - Troll"},
{"name":"Atlantic/Canary","alternativeName":"Western European Time","countryName":"Spain","mainCities":["Las Palmas de Gran Canaria","Santa Cruz de Tenerife"],"group":["Atlantic/Canary"],"rawOffsetInMinutes":0,"formatted":"+00:00 Western European Time - Las Palmas de Gran Canaria, Santa Cruz de Tenerife"},
{"name":"Europe/Lisbon","alternativeName":"Western European Time","countryName":"Portugal","mainCities":["Lisbon","Porto"],"group":["Atlantic/Madeira","Europe/Lisbon"],"rawOffsetInMinutes":0,"formatted":"+00:00 Western European Time - Lisbon, Porto"},
{"name":"Atlantic/Faroe","alternativeName":"Western European Time","countryName":"Faroe Islands","mainCities":["Tórshavn"],"group":["Atlantic/Faroe"],"rawOffsetInMinutes":0,"formatted":"+00:00 Western European Time - Tórshavn"},
{"name":"Africa/Algiers","alternativeName":"Central European Time","countryName":"Algeria","mainCities":["Algiers","Boumerdas"],"group":["Africa/Algiers"],"rawOffsetInMinutes":60,"formatted":"+01:00 Central European Time - Algiers, Boumerdas"},
{"name":"Europe/Amsterdam","alternativeName":"Central European Time","countryName":"Netherlands","mainCities":["Amsterdam","Rotterdam"],"group":["Europe/Amsterdam"],"rawOffsetInMinutes":60,"formatted":"+01:00 Central European Time - Amsterdam, Rotterdam"},
{"name":"Europe/Andorra","alternativeName":"Central European Time","countryName":"Andorra","mainCities":["Andorra la Vella","les Escaldes"],"group":["Europe/Andorra"],"rawOffsetInMinutes":60,"formatted":"+01:00 Central European Time - Andorra la Vella, les Escaldes"},
{"name":"Europe/Belgrade","alternativeName":"Central European Time","countryName":"Serbia","mainCities":["Belgrade","Niš"],"group":["Europe/Belgrade"],"rawOffsetInMinutes":60,"formatted":"+01:00 Central European Time - Belgrade, Niš"},
{"name":"Europe/Berlin","alternativeName":"Central European Time","countryName":"Germany","mainCities":["Berlin","Hamburg"],"group":["Europe/Berlin","Europe/Busingen"],"rawOffsetInMinutes":60,"formatted":"+01:00 Central European Time - Berlin, Hamburg"},
{"name":"Europe/Malta","alternativeName":"Central European Time","countryName":"Malta","mainCities":["Birkirkara","Qormi"],"group":["Europe/Malta"],"rawOffsetInMinutes":60,"formatted":"+01:00 Central European Time - Birkirkara, Qormi"},
{"name":"Europe/Bratislava","alternativeName":"Central European Time","countryName":"Slovakia","mainCities":["Bratislava","Košice"],"group":["Europe/Bratislava"],"rawOffsetInMinutes":60,"formatted":"+01:00 Central European Time - Bratislava, Košice"},
{"name":"Europe/Brussels","alternativeName":"Central European Time","countryName":"Belgium","mainCities":["Brussels","Antwerpen"],"group":["Europe/Brussels"],"rawOffsetInMinutes":60,"formatted":"+01:00 Central European Time - Brussels, Antwerpen"},
{"name":"Europe/Budapest","alternativeName":"Central European Time","countryName":"Hungary","mainCities":["Budapest","Debrecen"],"group":["Europe/Budapest"],"rawOffsetInMinutes":60,"formatted":"+01:00 Central European Time - Budapest, Debrecen"},
{"name":"Europe/Copenhagen","alternativeName":"Central European Time","countryName":"Denmark","mainCities":["Copenhagen","Århus"],"group":["Europe/Copenhagen"],"rawOffsetInMinutes":60,"formatted":"+01:00 Central European Time - Copenhagen, Århus"},
{"name":"Europe/Gibraltar","alternativeName":"Central European Time","countryName":"Gibraltar","mainCities":["Gibraltar"],"group":["Europe/Gibraltar"],"rawOffsetInMinutes":60,"formatted":"+01:00 Central European Time - Gibraltar"},
{"name":"Europe/Ljubljana","alternativeName":"Central European Time","countryName":"Slovenia","mainCities":["Ljubljana","Maribor"],"group":["Europe/Ljubljana"],"rawOffsetInMinutes":60,"formatted":"+01:00 Central European Time - Ljubljana, Maribor"},
{"name":"Arctic/Longyearbyen","alternativeName":"Central European Time","countryName":"Svalbard and Jan Mayen","mainCities":["Longyearbyen"],"group":["Arctic/Longyearbyen"],"rawOffsetInMinutes":60,"formatted":"+01:00 Central European Time - Longyearbyen"},
{"name":"Europe/Luxembourg","alternativeName":"Central European Time","countryName":"Luxembourg","mainCities":["Luxembourg","Esch-sur-Alzette"],"group":["Europe/Luxembourg"],"rawOffsetInMinutes":60,"formatted":"+01:00 Central European Time - Luxembourg, Esch-sur-Alzette"},
{"name":"Europe/Madrid","alternativeName":"Central European Time","countryName":"Spain","mainCities":["Madrid","Barcelona"],"group":["Africa/Ceuta","Europe/Madrid"],"rawOffsetInMinutes":60,"formatted":"+01:00 Central European Time - Madrid, Barcelona"},
{"name":"Europe/Monaco","alternativeName":"Central European Time","countryName":"Monaco","mainCities":["Monaco","Monte-Carlo"],"group":["Europe/Monaco"],"rawOffsetInMinutes":60,"formatted":"+01:00 Central European Time - Monaco, Monte-Carlo"},
{"name":"Europe/Oslo","alternativeName":"Central European Time","countryName":"Norway","mainCities":["Oslo","Bergen"],"group":["Europe/Oslo"],"rawOffsetInMinutes":60,"formatted":"+01:00 Central European Time - Oslo, Bergen"},
{"name":"Europe/Paris","alternativeName":"Central European Time","countryName":"France","mainCities":["Paris","Marseille"],"group":["Europe/Paris"],"rawOffsetInMinutes":60,"formatted":"+01:00 Central European Time - Paris, Marseille"},
{"name":"Europe/Podgorica","alternativeName":"Central European Time","countryName":"Montenegro","mainCities":["Podgorica","Nikšić"],"group":["Europe/Podgorica"],"rawOffsetInMinutes":60,"formatted":"+01:00 Central European Time - Podgorica, Nikšić"},
{"name":"Europe/Prague","alternativeName":"Central European Time","countryName":"Czechia","mainCities":["Prague","Brno"],"group":["Europe/Prague"],"rawOffsetInMinutes":60,"formatted":"+01:00 Central European Time - Prague, Brno"},
{"name":"Europe/Rome","alternativeName":"Central European Time","countryName":"Italy","mainCities":["Rome","Milan"],"group":["Europe/Rome"],"rawOffsetInMinutes":60,"formatted":"+01:00 Central European Time - Rome, Milan"},
{"name":"Europe/San_Marino","alternativeName":"Central European Time","countryName":"San Marino","mainCities":["San Marino"],"group":["Europe/San_Marino"],"rawOffsetInMinutes":60,"formatted":"+01:00 Central European Time - San Marino"},
{"name":"Europe/Sarajevo","alternativeName":"Central European Time","countryName":"Bosnia and Herzegovina","mainCities":["Sarajevo","Banja Luka"],"group":["Europe/Sarajevo"],"rawOffsetInMinutes":60,"formatted":"+01:00 Central European Time - Sarajevo, Banja Luka"},
{"name":"Europe/Skopje","alternativeName":"Central European Time","countryName":"North Macedonia","mainCities":["Skopje","Bitola"],"group":["Europe/Skopje"],"rawOffsetInMinutes":60,"formatted":"+01:00 Central European Time - Skopje, Bitola"},
{"name":"Europe/Stockholm","alternativeName":"Central European Time","countryName":"Sweden","mainCities":["Stockholm","Göteborg"],"group":["Europe/Stockholm"],"rawOffsetInMinutes":60,"formatted":"+01:00 Central European Time - Stockholm, Göteborg"},
{"name":"Europe/Tirane","alternativeName":"Central European Time","countryName":"Albania","mainCities":["Tirana","Durrës"],"group":["Europe/Tirane"],"rawOffsetInMinutes":60,"formatted":"+01:00 Central European Time - Tirana, Durrës"},
{"name":"Africa/Tunis","alternativeName":"Central European Time","countryName":"Tunisia","mainCities":["Tunis","Sfax"],"group":["Africa/Tunis"],"rawOffsetInMinutes":60,"formatted":"+01:00 Central European Time - Tunis, Sfax"},
{"name":"Europe/Vaduz","alternativeName":"Central European Time","countryName":"Liechtenstein","mainCities":["Vaduz"],"group":["Europe/Vaduz"],"rawOffsetInMinutes":60,"formatted":"+01:00 Central European Time - Vaduz"},
{"name":"Europe/Vatican","alternativeName":"Central European Time","countryName":"Vatican","mainCities":["Vatican City"],"group":["Europe/Vatican"],"rawOffsetInMinutes":60,"formatted":"+01:00 Central European Time - Vatican City"},
{"name":"Europe/Vienna","alternativeName":"Central European Time","countryName":"Austria","mainCities":["Vienna","Graz"],"group":["Europe/Vienna"],"rawOffsetInMinutes":60,"formatted":"+01:00 Central European Time - Vienna, Graz"},
{"name":"Europe/Warsaw","alternativeName":"Central European Time","countryName":"Poland","mainCities":["Warsaw","Łódź"],"group":["Europe/Warsaw"],"rawOffsetInMinutes":60,"formatted":"+01:00 Central European Time - Warsaw, Łódź"},
{"name":"Europe/Zagreb","alternativeName":"Central European Time","countryName":"Croatia","mainCities":["Zagreb","Split"],"group":["Europe/Zagreb"],"rawOffsetInMinutes":60,"formatted":"+01:00 Central European Time - Zagreb, Split"},
{"name":"Europe/Zurich","alternativeName":"Central European Time","countryName":"Switzerland","mainCities":["Zürich","Genève"],"group":["Europe/Zurich"],"rawOffsetInMinutes":60,"formatted":"+01:00 Central European Time - Zürich, Genève"},
{"name":"Europe/Dublin","alternativeName":"Greenwich Mean Time","countryName":"Ireland","mainCities":["Dublin","Cork"],"group":["Europe/Dublin"],"rawOffsetInMinutes":60,"formatted":"+01:00 Greenwich Mean Time - Dublin, Cork"},
{"name":"Africa/Bangui","alternativeName":"West Africa Time","countryName":"Central African Republic","mainCities":["Bangui","Bimbo"],"group":["Africa/Bangui"],"rawOffsetInMinutes":60,"formatted":"+01:00 West Africa Time - Bangui, Bimbo"},
{"name":"Africa/Malabo","alternativeName":"West Africa Time","countryName":"Equatorial Guinea","mainCities":["Bata","Malabo"],"group":["Africa/Malabo"],"rawOffsetInMinutes":60,"formatted":"+01:00 West Africa Time - Bata, Malabo"},
{"name":"Africa/Brazzaville","alternativeName":"West Africa Time","countryName":"Republic of the Congo","mainCities":["Brazzaville","Pointe-Noire"],"group":["Africa/Brazzaville"],"rawOffsetInMinutes":60,"formatted":"+01:00 West Africa Time - Brazzaville, Pointe-Noire"},
{"name":"Africa/Porto-Novo","alternativeName":"West Africa Time","countryName":"Benin","mainCities":["Cotonou","Abomey-Calavi"],"group":["Africa/Porto-Novo"],"rawOffsetInMinutes":60,"formatted":"+01:00 West Africa Time - Cotonou, Abomey-Calavi"},
{"name":"Africa/Douala","alternativeName":"West Africa Time","countryName":"Cameroon","mainCities":["Douala","Yaoundé"],"group":["Africa/Douala"],"rawOffsetInMinutes":60,"formatted":"+01:00 West Africa Time - Douala, Yaoundé"},
{"name":"Africa/Kinshasa","alternativeName":"West Africa Time","countryName":"Democratic Republic of the Congo","mainCities":["Kinshasa","Masina"],"group":["Africa/Kinshasa"],"rawOffsetInMinutes":60,"formatted":"+01:00 West Africa Time - Kinshasa, Masina"},
{"name":"Africa/Lagos","alternativeName":"West Africa Time","countryName":"Nigeria","mainCities":["Lagos","Kano"],"group":["Africa/Lagos"],"rawOffsetInMinutes":60,"formatted":"+01:00 West Africa Time - Lagos, Kano"},
{"name":"Africa/Libreville","alternativeName":"West Africa Time","countryName":"Gabon","mainCities":["Libreville","Port-Gentil"],"group":["Africa/Libreville"],"rawOffsetInMinutes":60,"formatted":"+01:00 West Africa Time - Libreville, Port-Gentil"},
{"name":"Africa/Luanda","alternativeName":"West Africa Time","countryName":"Angola","mainCities":["Luanda","N’dalatando"],"group":["Africa/Luanda"],"rawOffsetInMinutes":60,"formatted":"+01:00 West Africa Time - Luanda, N’dalatando"},
{"name":"Africa/Ndjamena","alternativeName":"West Africa Time","countryName":"Chad","mainCities":["N'Djamena","Moundou"],"group":["Africa/Ndjamena"],"rawOffsetInMinutes":60,"formatted":"+01:00 West Africa Time - N'Djamena, Moundou"},
{"name":"Africa/Niamey","alternativeName":"West Africa Time","countryName":"Niger","mainCities":["Niamey","Zinder"],"group":["Africa/Niamey"],"rawOffsetInMinutes":60,"formatted":"+01:00 West Africa Time - Niamey, Zinder"},
{"name":"Africa/Casablanca","alternativeName":"Western European Time","countryName":"Morocco","mainCities":["Casablanca","Rabat"],"group":["Africa/Casablanca"],"rawOffsetInMinutes":60,"formatted":"+01:00 Western European Time - Casablanca, Rabat"},
{"name":"Africa/El_Aaiun","alternativeName":"Western European Time","countryName":"Western Sahara","mainCities":["Laayoune","Dakhla"],"group":["Africa/El_Aaiun"],"rawOffsetInMinutes":60,"formatted":"+01:00 Western European Time - Laayoune, Dakhla"},
{"name":"Africa/Bujumbura","alternativeName":"Central Africa Time","countryName":"Burundi","mainCities":["Bujumbura","Muyinga"],"group":["Africa/Bujumbura"],"rawOffsetInMinutes":120,"formatted":"+02:00 Central Africa Time - Bujumbura, Muyinga"},
{"name":"Africa/Gaborone","alternativeName":"Central Africa Time","countryName":"Botswana","mainCities":["Gaborone","Francistown"],"group":["Africa/Gaborone"],"rawOffsetInMinutes":120,"formatted":"+02:00 Central Africa Time - Gaborone, Francistown"},
{"name":"Africa/Harare","alternativeName":"Central Africa Time","countryName":"Zimbabwe","mainCities":["Harare","Bulawayo"],"group":["Africa/Harare"],"rawOffsetInMinutes":120,"formatted":"+02:00 Central Africa Time - Harare, Bulawayo"},
{"name":"Africa/Khartoum","alternativeName":"Central Africa Time","countryName":"Sudan","mainCities":["Khartoum","Omdurman"],"group":["Africa/Khartoum"],"rawOffsetInMinutes":120,"formatted":"+02:00 Central Africa Time - Khartoum, Omdurman"},
{"name":"Africa/Kigali","alternativeName":"Central Africa Time","countryName":"Rwanda","mainCities":["Kigali","Butare"],"group":["Africa/Kigali"],"rawOffsetInMinutes":120,"formatted":"+02:00 Central Africa Time - Kigali, Butare"},
{"name":"Africa/Blantyre","alternativeName":"Central Africa Time","countryName":"Malawi","mainCities":["Lilongwe","Blantyre"],"group":["Africa/Blantyre"],"rawOffsetInMinutes":120,"formatted":"+02:00 Central Africa Time - Lilongwe, Blantyre"},
{"name":"Africa/Lubumbashi","alternativeName":"Central Africa Time","countryName":"Democratic Republic of the Congo","mainCities":["Lubumbashi","Mbuji-Mayi"],"group":["Africa/Lubumbashi"],"rawOffsetInMinutes":120,"formatted":"+02:00 Central Africa Time - Lubumbashi, Mbuji-Mayi"},
{"name":"Africa/Lusaka","alternativeName":"Central Africa Time","countryName":"Zambia","mainCities":["Lusaka","Kitwe"],"group":["Africa/Lusaka"],"rawOffsetInMinutes":120,"formatted":"+02:00 Central Africa Time - Lusaka, Kitwe"},
{"name":"Africa/Maputo","alternativeName":"Central Africa Time","countryName":"Mozambique","mainCities":["Maputo","Matola"],"group":["Africa/Maputo"],"rawOffsetInMinutes":120,"formatted":"+02:00 Central Africa Time - Maputo, Matola"},
{"name":"Africa/Windhoek","alternativeName":"Central Africa Time","countryName":"Namibia","mainCities":["Windhoek","Rundu"],"group":["Africa/Windhoek"],"rawOffsetInMinutes":120,"formatted":"+02:00 Central Africa Time - Windhoek, Rundu"},
{"name":"Asia/Damascus","alternativeName":"Eastern European Time","countryName":"Syria","mainCities":["Aleppo","Damascus"],"group":["Asia/Damascus"],"rawOffsetInMinutes":120,"formatted":"+02:00 Eastern European Time - Aleppo, Damascus"},
{"name":"Asia/Amman","alternativeName":"Eastern European Time","countryName":"Jordan","mainCities":["Amman","Zarqa"],"group":["Asia/Amman"],"rawOffsetInMinutes":120,"formatted":"+02:00 Eastern European Time - Amman, Zarqa"},
{"name":"Europe/Athens","alternativeName":"Eastern European Time","countryName":"Greece","mainCities":["Athens","Thessaloníki"],"group":["Europe/Athens"],"rawOffsetInMinutes":120,"formatted":"+02:00 Eastern European Time - Athens, Thessaloníki"},
{"name":"Asia/Beirut","alternativeName":"Eastern European Time","countryName":"Lebanon","mainCities":["Beirut","Ra’s Bayrūt"],"group":["Asia/Beirut"],"rawOffsetInMinutes":120,"formatted":"+02:00 Eastern European Time - Beirut, Ra’s Bayrūt"},
{"name":"Europe/Bucharest","alternativeName":"Eastern European Time","countryName":"Romania","mainCities":["Bucharest","Sector 3"],"group":["Europe/Bucharest"],"rawOffsetInMinutes":120,"formatted":"+02:00 Eastern European Time - Bucharest, Sector 3"},
{"name":"Africa/Cairo","alternativeName":"Eastern European Time","countryName":"Egypt","mainCities":["Cairo","Alexandria"],"group":["Africa/Cairo"],"rawOffsetInMinutes":120,"formatted":"+02:00 Eastern European Time - Cairo, Alexandria"},
{"name":"Europe/Chisinau","alternativeName":"Eastern European Time","countryName":"Moldova","mainCities":["Chisinau","Tiraspol"],"group":["Europe/Chisinau"],"rawOffsetInMinutes":120,"formatted":"+02:00 Eastern European Time - Chisinau, Tiraspol"},
{"name":"Asia/Hebron","alternativeName":"Eastern European Time","countryName":"Palestinian Territory","mainCities":["East Jerusalem","Gaza"],"group":["Asia/Gaza","Asia/Hebron"],"rawOffsetInMinutes":120,"formatted":"+02:00 Eastern European Time - East Jerusalem, Gaza"},
{"name":"Europe/Helsinki","alternativeName":"Eastern European Time","countryName":"Finland","mainCities":["Helsinki","Espoo"],"group":["Europe/Helsinki"],"rawOffsetInMinutes":120,"formatted":"+02:00 Eastern European Time - Helsinki, Espoo"},
{"name":"Europe/Kaliningrad","alternativeName":"Eastern European Time","countryName":"Russia","mainCities":["Kaliningrad","Chernyakhovsk"],"group":["Europe/Kaliningrad"],"rawOffsetInMinutes":120,"formatted":"+02:00 Eastern European Time - Kaliningrad, Chernyakhovsk"},
{"name":"Europe/Kiev","alternativeName":"Eastern European Time","countryName":"Ukraine","mainCities":["Kyiv","Kharkiv"],"group":["Europe/Kiev","Europe/Uzhgorod","Europe/Zaporozhye"],"rawOffsetInMinutes":120,"formatted":"+02:00 Eastern European Time - Kyiv, Kharkiv"},
{"name":"Europe/Mariehamn","alternativeName":"Eastern European Time","countryName":"Aland Islands","mainCities":["Mariehamn"],"group":["Europe/Mariehamn"],"rawOffsetInMinutes":120,"formatted":"+02:00 Eastern European Time - Mariehamn"},
{"name":"Asia/Nicosia","alternativeName":"Eastern European Time","countryName":"Cyprus","mainCities":["Nicosia","Limassol"],"group":["Asia/Famagusta","Asia/Nicosia"],"rawOffsetInMinutes":120,"formatted":"+02:00 Eastern European Time - Nicosia, Limassol"},
{"name":"Europe/Riga","alternativeName":"Eastern European Time","countryName":"Latvia","mainCities":["Riga","Daugavpils"],"group":["Europe/Riga"],"rawOffsetInMinutes":120,"formatted":"+02:00 Eastern European Time - Riga, Daugavpils"},
{"name":"Europe/Sofia","alternativeName":"Eastern European Time","countryName":"Bulgaria","mainCities":["Sofia","Plovdiv"],"group":["Europe/Sofia"],"rawOffsetInMinutes":120,"formatted":"+02:00 Eastern European Time - Sofia, Plovdiv"},
{"name":"Europe/Tallinn","alternativeName":"Eastern European Time","countryName":"Estonia","mainCities":["Tallinn","Tartu"],"group":["Europe/Tallinn"],"rawOffsetInMinutes":120,"formatted":"+02:00 Eastern European Time - Tallinn, Tartu"},
{"name":"Africa/Tripoli","alternativeName":"Eastern European Time","countryName":"Libya","mainCities":["Tripoli","Benghazi"],"group":["Africa/Tripoli"],"rawOffsetInMinutes":120,"formatted":"+02:00 Eastern European Time - Tripoli, Benghazi"},
{"name":"Europe/Vilnius","alternativeName":"Eastern European Time","countryName":"Lithuania","mainCities":["Vilnius","Kaunas"],"group":["Europe/Vilnius"],"rawOffsetInMinutes":120,"formatted":"+02:00 Eastern European Time - Vilnius, Kaunas"},
{"name":"Asia/Jerusalem","alternativeName":"Israel Time","countryName":"Israel","mainCities":["Jerusalem","Tel Aviv"],"group":["Asia/Jerusalem"],"rawOffsetInMinutes":120,"formatted":"+02:00 Israel Time - Jerusalem, Tel Aviv"},
{"name":"Africa/Johannesburg","alternativeName":"South Africa Time","countryName":"South Africa","mainCities":["Cape Town","Durban"],"group":["Africa/Johannesburg"],"rawOffsetInMinutes":120,"formatted":"+02:00 South Africa Time - Cape Town, Durban"},
{"name":"Africa/Mbabane","alternativeName":"South Africa Time","countryName":"Eswatini","mainCities":["Manzini","Mbabane"],"group":["Africa/Mbabane"],"rawOffsetInMinutes":120,"formatted":"+02:00 South Africa Time - Manzini, Mbabane"},
{"name":"Africa/Maseru","alternativeName":"South Africa Time","countryName":"Lesotho","mainCities":["Maseru","Mafeteng"],"group":["Africa/Maseru"],"rawOffsetInMinutes":120,"formatted":"+02:00 South Africa Time - Maseru, Mafeteng"},
{"name":"Asia/Kuwait","alternativeName":"Arabian Time","countryName":"Kuwait","mainCities":["Al Aḩmadī","Ḩawallī"],"group":["Asia/Kuwait"],"rawOffsetInMinutes":180,"formatted":"+03:00 Arabian Time - Al Aḩmadī, Ḩawallī"},
{"name":"Asia/Baghdad","alternativeName":"Arabian Time","countryName":"Iraq","mainCities":["Baghdad","Basrah"],"group":["Asia/Baghdad"],"rawOffsetInMinutes":180,"formatted":"+03:00 Arabian Time - Baghdad, Basrah"},
{"name":"Asia/Qatar","alternativeName":"Arabian Time","countryName":"Qatar","mainCities":["Doha","Ar Rayyān"],"group":["Asia/Qatar"],"rawOffsetInMinutes":180,"formatted":"+03:00 Arabian Time - Doha, Ar Rayyān"},
{"name":"Asia/Bahrain","alternativeName":"Arabian Time","countryName":"Bahrain","mainCities":["Manama","Al Muharraq"],"group":["Asia/Bahrain"],"rawOffsetInMinutes":180,"formatted":"+03:00 Arabian Time - Manama, Al Muharraq"},
{"name":"Asia/Riyadh","alternativeName":"Arabian Time","countryName":"Saudi Arabia","mainCities":["Riyadh","Jeddah"],"group":["Asia/Riyadh"],"rawOffsetInMinutes":180,"formatted":"+03:00 Arabian Time - Riyadh, Jeddah"},
{"name":"Asia/Aden","alternativeName":"Arabian Time","countryName":"Yemen","mainCities":["Sanaa","Al Ḩudaydah"],"group":["Asia/Aden"],"rawOffsetInMinutes":180,"formatted":"+03:00 Arabian Time - Sanaa, Al Ḩudaydah"},
{"name":"Africa/Addis_Ababa","alternativeName":"East Africa Time","countryName":"Ethiopia","mainCities":["Addis Ababa","Dire Dawa"],"group":["Africa/Addis_Ababa"],"rawOffsetInMinutes":180,"formatted":"+03:00 East Africa Time - Addis Ababa, Dire Dawa"},
{"name":"Indian/Antananarivo","alternativeName":"East Africa Time","countryName":"Madagascar","mainCities":["Antananarivo","Toamasina"],"group":["Indian/Antananarivo"],"rawOffsetInMinutes":180,"formatted":"+03:00 East Africa Time - Antananarivo, Toamasina"},
{"name":"Africa/Asmara","alternativeName":"East Africa Time","countryName":"Eritrea","mainCities":["Asmara","Keren"],"group":["Africa/Asmara"],"rawOffsetInMinutes":180,"formatted":"+03:00 East Africa Time - Asmara, Keren"},
{"name":"Africa/Dar_es_Salaam","alternativeName":"East Africa Time","countryName":"Tanzania","mainCities":["Dar es Salaam","Mwanza"],"group":["Africa/Dar_es_Salaam"],"rawOffsetInMinutes":180,"formatted":"+03:00 East Africa Time - Dar es Salaam, Mwanza"},
{"name":"Africa/Djibouti","alternativeName":"East Africa Time","countryName":"Djibouti","mainCities":["Djibouti","'Ali Sabieh"],"group":["Africa/Djibouti"],"rawOffsetInMinutes":180,"formatted":"+03:00 East Africa Time - Djibouti, 'Ali Sabieh"},
{"name":"Africa/Juba","alternativeName":"East Africa Time","countryName":"South Sudan","mainCities":["Juba","Winejok"],"group":["Africa/Juba"],"rawOffsetInMinutes":180,"formatted":"+03:00 East Africa Time - Juba, Winejok"},
{"name":"Africa/Kampala","alternativeName":"East Africa Time","countryName":"Uganda","mainCities":["Kampala","Gulu"],"group":["Africa/Kampala"],"rawOffsetInMinutes":180,"formatted":"+03:00 East Africa Time - Kampala, Gulu"},
{"name":"Indian/Mayotte","alternativeName":"East Africa Time","countryName":"Mayotte","mainCities":["Mamoudzou","Koungou"],"group":["Indian/Mayotte"],"rawOffsetInMinutes":180,"formatted":"+03:00 East Africa Time - Mamoudzou, Koungou"},
{"name":"Africa/Mogadishu","alternativeName":"East Africa Time","countryName":"Somalia","mainCities":["Mogadishu","Hargeysa"],"group":["Africa/Mogadishu"],"rawOffsetInMinutes":180,"formatted":"+03:00 East Africa Time - Mogadishu, Hargeysa"},
{"name":"Indian/Comoro","alternativeName":"East Africa Time","countryName":"Comoros","mainCities":["Moroni","Moutsamoudou"],"group":["Indian/Comoro"],"rawOffsetInMinutes":180,"formatted":"+03:00 East Africa Time - Moroni, Moutsamoudou"},
{"name":"Africa/Nairobi","alternativeName":"East Africa Time","countryName":"Kenya","mainCities":["Nairobi","Mombasa"],"group":["Africa/Nairobi"],"rawOffsetInMinutes":180,"formatted":"+03:00 East Africa Time - Nairobi, Mombasa"},
{"name":"Europe/Minsk","alternativeName":"Moscow Time","countryName":"Belarus","mainCities":["Minsk","Homyel'"],"group":["Europe/Minsk"],"rawOffsetInMinutes":180,"formatted":"+03:00 Moscow Time - Minsk, Homyel'"},
{"name":"Europe/Moscow","alternativeName":"Moscow Time","countryName":"Russia","mainCities":["Moscow","Saint Petersburg"],"group":["Europe/Kirov","Europe/Moscow","Europe/Simferopol"],"rawOffsetInMinutes":180,"formatted":"+03:00 Moscow Time - Moscow, Saint Petersburg"},
{"name":"Antarctica/Syowa","alternativeName":"Syowa Time","countryName":"Antarctica","mainCities":["Syowa"],"group":["Antarctica/Syowa"],"rawOffsetInMinutes":180,"formatted":"+03:00 Syowa Time - Syowa"},
{"name":"Europe/Istanbul","alternativeName":"Turkey Time","countryName":"Turkey","mainCities":["Istanbul","Ankara"],"group":["Europe/Istanbul"],"rawOffsetInMinutes":180,"formatted":"+03:00 Turkey Time - Istanbul, Ankara"},
{"name":"Asia/Tehran","alternativeName":"Iran Time","countryName":"Iran","mainCities":["Tehran","Mashhad"],"group":["Asia/Tehran"],"rawOffsetInMinutes":210,"formatted":"+03:30 Iran Time - Tehran, Mashhad"},
{"name":"Asia/Yerevan","alternativeName":"Armenia Time","countryName":"Armenia","mainCities":["Yerevan","Gyumri"],"group":["Asia/Yerevan"],"rawOffsetInMinutes":240,"formatted":"+04:00 Armenia Time - Yerevan, Gyumri"},
{"name":"Asia/Baku","alternativeName":"Azerbaijan Time","countryName":"Azerbaijan","mainCities":["Baku","Ganja"],"group":["Asia/Baku"],"rawOffsetInMinutes":240,"formatted":"+04:00 Azerbaijan Time - Baku, Ganja"},
{"name":"Asia/Tbilisi","alternativeName":"Georgia Time","countryName":"Georgia","mainCities":["Tbilisi","Kutaisi"],"group":["Asia/Tbilisi"],"rawOffsetInMinutes":240,"formatted":"+04:00 Georgia Time - Tbilisi, Kutaisi"},
{"name":"Asia/Dubai","alternativeName":"Gulf Time","countryName":"United Arab Emirates","mainCities":["Dubai","Sharjah"],"group":["Asia/Dubai"],"rawOffsetInMinutes":240,"formatted":"+04:00 Gulf Time - Dubai, Sharjah"},
{"name":"Asia/Muscat","alternativeName":"Gulf Time","countryName":"Oman","mainCities":["Muscat","Seeb"],"group":["Asia/Muscat"],"rawOffsetInMinutes":240,"formatted":"+04:00 Gulf Time - Muscat, Seeb"},
{"name":"Indian/Mauritius","alternativeName":"Mauritius Time","countryName":"Mauritius","mainCities":["Port Louis","Beau Bassin-Rose Hill"],"group":["Indian/Mauritius"],"rawOffsetInMinutes":240,"formatted":"+04:00 Mauritius Time - Port Louis, Beau Bassin-Rose Hill"},
{"name":"Indian/Reunion","alternativeName":"Réunion Time","countryName":"Reunion","mainCities":["Saint-Denis","Saint-Paul"],"group":["Indian/Reunion"],"rawOffsetInMinutes":240,"formatted":"+04:00 Réunion Time - Saint-Denis, Saint-Paul"},
{"name":"Europe/Samara","alternativeName":"Samara Time","countryName":"Russia","mainCities":["Samara","Volgograd"],"group":["Europe/Astrakhan","Europe/Samara","Europe/Saratov","Europe/Ulyanovsk","Europe/Volgograd"],"rawOffsetInMinutes":240,"formatted":"+04:00 Samara Time - Samara, Volgograd"},
{"name":"Indian/Mahe","alternativeName":"Seychelles Time","countryName":"Seychelles","mainCities":["Victoria"],"group":["Indian/Mahe"],"rawOffsetInMinutes":240,"formatted":"+04:00 Seychelles Time - Victoria"},
{"name":"Asia/Kabul","alternativeName":"Afghanistan Time","countryName":"Afghanistan","mainCities":["Kabul","Kandahār"],"group":["Asia/Kabul"],"rawOffsetInMinutes":270,"formatted":"+04:30 Afghanistan Time - Kabul, Kandahār"},
{"name":"Indian/Kerguelen","alternativeName":"French Southern & Antarctic Time","countryName":"French Southern Territories","mainCities":["Port-aux-Français"],"group":["Indian/Kerguelen"],"rawOffsetInMinutes":300,"formatted":"+05:00 French Southern & Antarctic Time - Port-aux-Français"},
{"name":"Indian/Maldives","alternativeName":"Maldives Time","countryName":"Maldives","mainCities":["Male"],"group":["Indian/Maldives"],"rawOffsetInMinutes":300,"formatted":"+05:00 Maldives Time - Male"},
{"name":"Antarctica/Mawson","alternativeName":"Mawson Time","countryName":"Antarctica","mainCities":["Mawson"],"group":["Antarctica/Mawson"],"rawOffsetInMinutes":300,"formatted":"+05:00 Mawson Time - Mawson"},
{"name":"Asia/Karachi","alternativeName":"Pakistan Time","countryName":"Pakistan","mainCities":["Karachi","Lahore"],"group":["Asia/Karachi"],"rawOffsetInMinutes":300,"formatted":"+05:00 Pakistan Time - Karachi, Lahore"},
{"name":"Asia/Dushanbe","alternativeName":"Tajikistan Time","countryName":"Tajikistan","mainCities":["Dushanbe","Khujand"],"group":["Asia/Dushanbe"],"rawOffsetInMinutes":300,"formatted":"+05:00 Tajikistan Time - Dushanbe, Khujand"},
{"name":"Asia/Ashgabat","alternativeName":"Turkmenistan Time","countryName":"Turkmenistan","mainCities":["Ashgabat","Türkmenabat"],"group":["Asia/Ashgabat"],"rawOffsetInMinutes":300,"formatted":"+05:00 Turkmenistan Time - Ashgabat, Türkmenabat"},
{"name":"Asia/Tashkent","alternativeName":"Uzbekistan Time","countryName":"Uzbekistan","mainCities":["Tashkent","Namangan"],"group":["Asia/Samarkand","Asia/Tashkent"],"rawOffsetInMinutes":300,"formatted":"+05:00 Uzbekistan Time - Tashkent, Namangan"},
{"name":"Asia/Qyzylorda","alternativeName":"West Kazakhstan Time","countryName":"Kazakhstan","mainCities":["Kyzylorda","Aktobe"],"group":["Asia/Aqtau","Asia/Aqtobe","Asia/Atyrau","Asia/Oral","Asia/Qyzylorda"],"rawOffsetInMinutes":300,"formatted":"+05:00 West Kazakhstan Time - Kyzylorda, Aktobe"},
{"name":"Asia/Yekaterinburg","alternativeName":"Yekaterinburg Time","countryName":"Russia","mainCities":["Yekaterinburg","Chelyabinsk"],"group":["Asia/Yekaterinburg"],"rawOffsetInMinutes":300,"formatted":"+05:00 Yekaterinburg Time - Yekaterinburg, Chelyabinsk"},
{"name":"Asia/Colombo","alternativeName":"India Time","countryName":"Sri Lanka","mainCities":["Colombo","Dehiwala-Mount Lavinia"],"group":["Asia/Colombo"],"rawOffsetInMinutes":330,"formatted":"+05:30 India Time - Colombo, Dehiwala-Mount Lavinia"},
{"name":"Asia/Kolkata","alternativeName":"India Time","countryName":"India","mainCities":["Mumbai","Delhi"],"group":["Asia/Kolkata"],"rawOffsetInMinutes":330,"formatted":"+05:30 India Time - Mumbai, Delhi"},
{"name":"Asia/Kathmandu","alternativeName":"Nepal Time","countryName":"Nepal","mainCities":["Kathmandu","Pokhara"],"group":["Asia/Kathmandu"],"rawOffsetInMinutes":345,"formatted":"+05:45 Nepal Time - Kathmandu, Pokhara"},
{"name":"Asia/Dhaka","alternativeName":"Bangladesh Time","countryName":"Bangladesh","mainCities":["Dhaka","Chittagong"],"group":["Asia/Dhaka"],"rawOffsetInMinutes":360,"formatted":"+06:00 Bangladesh Time - Dhaka, Chittagong"},
{"name":"Asia/Thimphu","alternativeName":"Bhutan Time","countryName":"Bhutan","mainCities":["Thimphu","Punākha"],"group":["Asia/Thimphu"],"rawOffsetInMinutes":360,"formatted":"+06:00 Bhutan Time - Thimphu, Punākha"},
{"name":"Asia/Urumqi","alternativeName":"China Time","countryName":"China","mainCities":["Zhongshan","Ürümqi"],"group":["Asia/Urumqi"],"rawOffsetInMinutes":360,"formatted":"+06:00 China Time - Zhongshan, Ürümqi"},
{"name":"Asia/Almaty","alternativeName":"East Kazakhstan Time","countryName":"Kazakhstan","mainCities":["Almaty","Karagandy"],"group":["Asia/Almaty","Asia/Qostanay"],"rawOffsetInMinutes":360,"formatted":"+06:00 East Kazakhstan Time - Almaty, Karagandy"},
{"name":"Indian/Chagos","alternativeName":"Indian Ocean Time","countryName":"British Indian Ocean Territory","mainCities":["Chagos"],"group":["Indian/Chagos"],"rawOffsetInMinutes":360,"formatted":"+06:00 Indian Ocean Time - Chagos"},
{"name":"Asia/Bishkek","alternativeName":"Kyrgyzstan Time","countryName":"Kyrgyzstan","mainCities":["Bishkek","Osh"],"group":["Asia/Bishkek"],"rawOffsetInMinutes":360,"formatted":"+06:00 Kyrgyzstan Time - Bishkek, Osh"},
{"name":"Asia/Omsk","alternativeName":"Omsk Time","countryName":"Russia","mainCities":["Omsk","Tara"],"group":["Asia/Omsk"],"rawOffsetInMinutes":360,"formatted":"+06:00 Omsk Time - Omsk, Tara"},
{"name":"Antarctica/Vostok","alternativeName":"Vostok Time","countryName":"Antarctica","mainCities":["Vostok"],"group":["Antarctica/Vostok"],"rawOffsetInMinutes":360,"formatted":"+06:00 Vostok Time - Vostok"},
{"name":"Indian/Cocos","alternativeName":"Cocos Islands Time","countryName":"Cocos Islands","mainCities":["West Island"],"group":["Indian/Cocos"],"rawOffsetInMinutes":390,"formatted":"+06:30 Cocos Islands Time - West Island"},
{"name":"Asia/Yangon","alternativeName":"Myanmar Time","countryName":"Myanmar","mainCities":["Yangon","Mandalay"],"group":["Asia/Yangon"],"rawOffsetInMinutes":390,"formatted":"+06:30 Myanmar Time - Yangon, Mandalay"},
{"name":"Indian/Christmas","alternativeName":"Christmas Island Time","countryName":"Christmas Island","mainCities":["Flying Fish Cove"],"group":["Indian/Christmas"],"rawOffsetInMinutes":420,"formatted":"+07:00 Christmas Island Time - Flying Fish Cove"},
{"name":"Antarctica/Davis","alternativeName":"Davis Time","countryName":"Antarctica","mainCities":["Davis"],"group":["Antarctica/Davis"],"rawOffsetInMinutes":420,"formatted":"+07:00 Davis Time - Davis"},
{"name":"Asia/Hovd","alternativeName":"Hovd Time","countryName":"Mongolia","mainCities":["Khovd","Ölgii"],"group":["Asia/Hovd"],"rawOffsetInMinutes":420,"formatted":"+07:00 Hovd Time - Khovd, Ölgii"},
{"name":"Asia/Bangkok","alternativeName":"Indochina Time","countryName":"Thailand","mainCities":["Bangkok","Samut Prakan"],"group":["Asia/Bangkok"],"rawOffsetInMinutes":420,"formatted":"+07:00 Indochina Time - Bangkok, Samut Prakan"},
{"name":"Asia/Ho_Chi_Minh","alternativeName":"Indochina Time","countryName":"Vietnam","mainCities":["Ho Chi Minh City","Da Nang"],"group":["Asia/Ho_Chi_Minh"],"rawOffsetInMinutes":420,"formatted":"+07:00 Indochina Time - Ho Chi Minh City, Da Nang"},
{"name":"Asia/Phnom_Penh","alternativeName":"Indochina Time","countryName":"Cambodia","mainCities":["Phnom Penh","Takeo"],"group":["Asia/Phnom_Penh"],"rawOffsetInMinutes":420,"formatted":"+07:00 Indochina Time - Phnom Penh, Takeo"},
{"name":"Asia/Vientiane","alternativeName":"Indochina Time","countryName":"Laos","mainCities":["Vientiane","Pakse"],"group":["Asia/Vientiane"],"rawOffsetInMinutes":420,"formatted":"+07:00 Indochina Time - Vientiane, Pakse"},
{"name":"Asia/Novosibirsk","alternativeName":"Novosibirsk Time","countryName":"Russia","mainCities":["Novosibirsk","Krasnoyarsk"],"group":["Asia/Barnaul","Asia/Krasnoyarsk","Asia/Novokuznetsk","Asia/Novosibirsk","Asia/Tomsk"],"rawOffsetInMinutes":420,"formatted":"+07:00 Novosibirsk Time - Novosibirsk, Krasnoyarsk"},
{"name":"Asia/Jakarta","alternativeName":"Western Indonesia Time","countryName":"Indonesia","mainCities":["Jakarta","Surabaya"],"group":["Asia/Jakarta","Asia/Pontianak"],"rawOffsetInMinutes":420,"formatted":"+07:00 Western Indonesia Time - Jakarta, Surabaya"},
{"name":"Antarctica/Casey","alternativeName":"Australian Western Time","countryName":"Antarctica","mainCities":["Casey"],"group":["Antarctica/Casey"],"rawOffsetInMinutes":480,"formatted":"+08:00 Australian Western Time - Casey"},
{"name":"Australia/Perth","alternativeName":"Australian Western Time","countryName":"Australia","mainCities":["Perth","Rockingham"],"group":["Australia/Perth"],"rawOffsetInMinutes":480,"formatted":"+08:00 Australian Western Time - Perth, Rockingham"},
{"name":"Asia/Brunei","alternativeName":"Brunei Darussalam Time","countryName":"Brunei","mainCities":["Bandar Seri Begawan","Kuala Belait"],"group":["Asia/Brunei"],"rawOffsetInMinutes":480,"formatted":"+08:00 Brunei Darussalam Time - Bandar Seri Begawan, Kuala Belait"},
{"name":"Asia/Makassar","alternativeName":"Central Indonesia Time","countryName":"Indonesia","mainCities":["Makassar","Denpasar"],"group":["Asia/Makassar"],"rawOffsetInMinutes":480,"formatted":"+08:00 Central Indonesia Time - Makassar, Denpasar"},
{"name":"Asia/Macau","alternativeName":"China Time","countryName":"Macao","mainCities":["Macau"],"group":["Asia/Macau"],"rawOffsetInMinutes":480,"formatted":"+08:00 China Time - Macau"},
{"name":"Asia/Shanghai","alternativeName":"China Time","countryName":"China","mainCities":["Shanghai","Beijing"],"group":["Asia/Shanghai"],"rawOffsetInMinutes":480,"formatted":"+08:00 China Time - Shanghai, Beijing"},
{"name":"Asia/Hong_Kong","alternativeName":"Hong Kong Time","countryName":"Hong Kong","mainCities":["Hong Kong","Kowloon"],"group":["Asia/Hong_Kong"],"rawOffsetInMinutes":480,"formatted":"+08:00 Hong Kong Time - Hong Kong, Kowloon"},
{"name":"Asia/Irkutsk","alternativeName":"Irkutsk Time","countryName":"Russia","mainCities":["Irkutsk","Ulan-Ude"],"group":["Asia/Irkutsk"],"rawOffsetInMinutes":480,"formatted":"+08:00 Irkutsk Time - Irkutsk, Ulan-Ude"},
{"name":"Asia/Kuala_Lumpur","alternativeName":"Malaysia Time","countryName":"Malaysia","mainCities":["Kota Bharu","Kuala Lumpur"],"group":["Asia/Kuala_Lumpur","Asia/Kuching"],"rawOffsetInMinutes":480,"formatted":"+08:00 Malaysia Time - Kota Bharu, Kuala Lumpur"},
{"name":"Asia/Manila","alternativeName":"Philippine Time","countryName":"Philippines","mainCities":["Quezon City","Manila"],"group":["Asia/Manila"],"rawOffsetInMinutes":480,"formatted":"+08:00 Philippine Time - Quezon City, Manila"},
{"name":"Asia/Singapore","alternativeName":"Singapore Time","countryName":"Singapore","mainCities":["Singapore","Woodlands"],"group":["Asia/Singapore"],"rawOffsetInMinutes":480,"formatted":"+08:00 Singapore Time - Singapore, Woodlands"},
{"name":"Asia/Taipei","alternativeName":"Taipei Time","countryName":"Taiwan","mainCities":["Taipei","Kaohsiung"],"group":["Asia/Taipei"],"rawOffsetInMinutes":480,"formatted":"+08:00 Taipei Time - Taipei, Kaohsiung"},
{"name":"Asia/Ulaanbaatar","alternativeName":"Ulaanbaatar Time","countryName":"Mongolia","mainCities":["Ulan Bator","Erdenet"],"group":["Asia/Choibalsan","Asia/Ulaanbaatar"],"rawOffsetInMinutes":480,"formatted":"+08:00 Ulaanbaatar Time - Ulan Bator, Erdenet"},
{"name":"Australia/Eucla","alternativeName":"Australian Central Western Time","countryName":"Australia","mainCities":["Eucla"],"group":["Australia/Eucla"],"rawOffsetInMinutes":525,"formatted":"+08:45 Australian Central Western Time - Eucla"},
{"name":"Asia/Dili","alternativeName":"East Timor Time","countryName":"Timor Leste","mainCities":["Dili","Maliana"],"group":["Asia/Dili"],"rawOffsetInMinutes":540,"formatted":"+09:00 East Timor Time - Dili, Maliana"},
{"name":"Asia/Jayapura","alternativeName":"Eastern Indonesia Time","countryName":"Indonesia","mainCities":["Ambon","Jayapura"],"group":["Asia/Jayapura"],"rawOffsetInMinutes":540,"formatted":"+09:00 Eastern Indonesia Time - Ambon, Jayapura"},
{"name":"Asia/Tokyo","alternativeName":"Japan Time","countryName":"Japan","mainCities":["Tokyo","Yokohama"],"group":["Asia/Tokyo"],"rawOffsetInMinutes":540,"formatted":"+09:00 Japan Time - Tokyo, Yokohama"},
{"name":"Asia/Pyongyang","alternativeName":"Korean Time","countryName":"North Korea","mainCities":["Pyongyang","Hamhŭng"],"group":["Asia/Pyongyang"],"rawOffsetInMinutes":540,"formatted":"+09:00 Korean Time - Pyongyang, Hamhŭng"},
{"name":"Asia/Seoul","alternativeName":"Korean Time","countryName":"South Korea","mainCities":["Seoul","Busan"],"group":["Asia/Seoul"],"rawOffsetInMinutes":540,"formatted":"+09:00 Korean Time - Seoul, Busan"},
{"name":"Pacific/Palau","alternativeName":"Palau Time","countryName":"Palau","mainCities":["Ngerulmud"],"group":["Pacific/Palau"],"rawOffsetInMinutes":540,"formatted":"+09:00 Palau Time - Ngerulmud"},
{"name":"Asia/Chita","alternativeName":"Yakutsk Time","countryName":"Russia","mainCities":["Chita","Yakutsk"],"group":["Asia/Chita","Asia/Khandyga","Asia/Yakutsk"],"rawOffsetInMinutes":540,"formatted":"+09:00 Yakutsk Time - Chita, Yakutsk"},
{"name":"Australia/Adelaide","alternativeName":"Australian Central Time","countryName":"Australia","mainCities":["Adelaide","Adelaide Hills"],"group":["Australia/Adelaide","Australia/Broken_Hill"],"rawOffsetInMinutes":570,"formatted":"+09:30 Australian Central Time - Adelaide, Adelaide Hills"},
{"name":"Australia/Darwin","alternativeName":"Australian Central Time","countryName":"Australia","mainCities":["Darwin","Alice Springs"],"group":["Australia/Darwin"],"rawOffsetInMinutes":570,"formatted":"+09:30 Australian Central Time - Darwin, Alice Springs"},
{"name":"Australia/Brisbane","alternativeName":"Australian Eastern Time","countryName":"Australia","mainCities":["Brisbane","Gold Coast"],"group":["Australia/Brisbane","Australia/Lindeman"],"rawOffsetInMinutes":600,"formatted":"+10:00 Australian Eastern Time - Brisbane, Gold Coast"},
{"name":"Australia/Sydney","alternativeName":"Australian Eastern Time","countryName":"Australia","mainCities":["Sydney","Melbourne"],"group":["Australia/Currie","Australia/Hobart","Australia/Melbourne","Australia/Sydney"],"rawOffsetInMinutes":600,"formatted":"+10:00 Australian Eastern Time - Sydney, Melbourne"},
{"name":"Pacific/Guam","alternativeName":"Chamorro Time","countryName":"Guam","mainCities":["Dededo Village","Yigo Village"],"group":["Pacific/Guam"],"rawOffsetInMinutes":600,"formatted":"+10:00 Chamorro Time - Dededo Village, Yigo Village"},
{"name":"Pacific/Saipan","alternativeName":"Chamorro Time","countryName":"Northern Mariana Islands","mainCities":["Saipan"],"group":["Pacific/Saipan"],"rawOffsetInMinutes":600,"formatted":"+10:00 Chamorro Time - Saipan"},
{"name":"Pacific/Chuuk","alternativeName":"Chuuk Time","countryName":"Micronesia","mainCities":["Chuuk"],"group":["Pacific/Chuuk"],"rawOffsetInMinutes":600,"formatted":"+10:00 Chuuk Time - Chuuk"},
{"name":"Antarctica/DumontDUrville","alternativeName":"Dumont-d’Urville Time","countryName":"Antarctica","mainCities":["DumontDUrville"],"group":["Antarctica/DumontDUrville"],"rawOffsetInMinutes":600,"formatted":"+10:00 Dumont-d’Urville Time - DumontDUrville"},
{"name":"Pacific/Port_Moresby","alternativeName":"Papua New Guinea Time","countryName":"Papua New Guinea","mainCities":["Port Moresby","Lae"],"group":["Pacific/Port_Moresby"],"rawOffsetInMinutes":600,"formatted":"+10:00 Papua New Guinea Time - Port Moresby, Lae"},
{"name":"Asia/Vladivostok","alternativeName":"Vladivostok Time","countryName":"Russia","mainCities":["Vladivostok","Khabarovsk"],"group":["Asia/Ust-Nera","Asia/Vladivostok"],"rawOffsetInMinutes":600,"formatted":"+10:00 Vladivostok Time - Vladivostok, Khabarovsk"},
{"name":"Australia/Lord_Howe","alternativeName":"Lord Howe Time","countryName":"Australia","mainCities":["Lord Howe"],"group":["Australia/Lord_Howe"],"rawOffsetInMinutes":630,"formatted":"+10:30 Lord Howe Time - Lord Howe"},
{"name":"Pacific/Bougainville","alternativeName":"Bougainville Time","countryName":"Papua New Guinea","mainCities":["Arawa"],"group":["Pacific/Bougainville"],"rawOffsetInMinutes":660,"formatted":"+11:00 Bougainville Time - Arawa"},
{"name":"Pacific/Kosrae","alternativeName":"Kosrae Time","countryName":"Micronesia","mainCities":["Kosrae","Palikir - National Government Center"],"group":["Pacific/Kosrae","Pacific/Pohnpei"],"rawOffsetInMinutes":660,"formatted":"+11:00 Kosrae Time - Kosrae, Palikir - National Government Center"},
{"name":"Antarctica/Macquarie","alternativeName":"Macquarie Island Time","countryName":"Australia","mainCities":["Macquarie"],"group":["Antarctica/Macquarie"],"rawOffsetInMinutes":660,"formatted":"+11:00 Macquarie Island Time - Macquarie"},
{"name":"Pacific/Noumea","alternativeName":"New Caledonia Time","countryName":"New Caledonia","mainCities":["Nouméa","Mont-Dore"],"group":["Pacific/Noumea"],"rawOffsetInMinutes":660,"formatted":"+11:00 New Caledonia Time - Nouméa, Mont-Dore"},
{"name":"Pacific/Norfolk","alternativeName":"Norfolk Island Time","countryName":"Norfolk Island","mainCities":["Kingston"],"group":["Pacific/Norfolk"],"rawOffsetInMinutes":660,"formatted":"+11:00 Norfolk Island Time - Kingston"},
{"name":"Asia/Sakhalin","alternativeName":"Sakhalin Time","countryName":"Russia","mainCities":["Yuzhno-Sakhalinsk","Magadan"],"group":["Asia/Magadan","Asia/Sakhalin","Asia/Srednekolymsk"],"rawOffsetInMinutes":660,"formatted":"+11:00 Sakhalin Time - Yuzhno-Sakhalinsk, Magadan"},
{"name":"Pacific/Guadalcanal","alternativeName":"Solomon Islands Time","countryName":"Solomon Islands","mainCities":["Honiara"],"group":["Pacific/Guadalcanal"],"rawOffsetInMinutes":660,"formatted":"+11:00 Solomon Islands Time - Honiara"},
{"name":"Pacific/Efate","alternativeName":"Vanuatu Time","countryName":"Vanuatu","mainCities":["Port-Vila"],"group":["Pacific/Efate"],"rawOffsetInMinutes":660,"formatted":"+11:00 Vanuatu Time - Port-Vila"},
{"name":"Pacific/Fiji","alternativeName":"Fiji Summer Time","countryName":"Fiji","mainCities":["Suva","Lautoka"],"group":["Pacific/Fiji"],"rawOffsetInMinutes":720,"formatted":"+12:00 Fiji Summer Time - Suva, Lautoka"},
{"name":"Pacific/Tarawa","alternativeName":"Gilbert Islands Time","countryName":"Kiribati","mainCities":["Tarawa"],"group":["Pacific/Tarawa"],"rawOffsetInMinutes":720,"formatted":"+12:00 Gilbert Islands Time - Tarawa"},
{"name":"Pacific/Majuro","alternativeName":"Marshall Islands Time","countryName":"Marshall Islands","mainCities":["Majuro","Kwajalein"],"group":["Pacific/Kwajalein","Pacific/Majuro"],"rawOffsetInMinutes":720,"formatted":"+12:00 Marshall Islands Time - Majuro, Kwajalein"},
{"name":"Pacific/Nauru","alternativeName":"Nauru Time","countryName":"Nauru","mainCities":["Yaren"],"group":["Pacific/Nauru"],"rawOffsetInMinutes":720,"formatted":"+12:00 Nauru Time - Yaren"},
{"name":"Pacific/Auckland","alternativeName":"New Zealand Time","countryName":"New Zealand","mainCities":["Auckland","Wellington"],"group":["Pacific/Auckland"],"rawOffsetInMinutes":720,"formatted":"+12:00 New Zealand Time - Auckland, Wellington"},
{"name":"Asia/Kamchatka","alternativeName":"Petropavlovsk-Kamchatski Time","countryName":"Russia","mainCities":["Petropavlovsk-Kamchatsky","Yelizovo"],"group":["Asia/Anadyr","Asia/Kamchatka"],"rawOffsetInMinutes":720,"formatted":"+12:00 Petropavlovsk-Kamchatski Time - Petropavlovsk-Kamchatsky, Yelizovo"},
{"name":"Pacific/Funafuti","alternativeName":"Tuvalu Time","countryName":"Tuvalu","mainCities":["Funafuti"],"group":["Pacific/Funafuti"],"rawOffsetInMinutes":720,"formatted":"+12:00 Tuvalu Time - Funafuti"},
{"name":"Pacific/Wake","alternativeName":"Wake Island Time","countryName":"United States Minor Outlying Islands","mainCities":["Wake"],"group":["Pacific/Wake"],"rawOffsetInMinutes":720,"formatted":"+12:00 Wake Island Time - Wake"},
{"name":"Pacific/Wallis","alternativeName":"Wallis & Futuna Time","countryName":"Wallis and Futuna","mainCities":["Mata-Utu"],"group":["Pacific/Wallis"],"rawOffsetInMinutes":720,"formatted":"+12:00 Wallis & Futuna Time - Mata-Utu"},
{"name":"Pacific/Chatham","alternativeName":"Chatham Time","countryName":"New Zealand","mainCities":["Chatham"],"group":["Pacific/Chatham"],"rawOffsetInMinutes":765,"formatted":"+12:45 Chatham Time - Chatham"},
{"name":"Pacific/Apia","alternativeName":"Apia Time","countryName":"Samoa","mainCities":["Apia"],"group":["Pacific/Apia"],"rawOffsetInMinutes":780,"formatted":"+13:00 Apia Time - Apia"},
{"name":"Pacific/Enderbury","alternativeName":"Phoenix Islands Time","countryName":"Kiribati","mainCities":["Enderbury"],"group":["Pacific/Enderbury"],"rawOffsetInMinutes":780,"formatted":"+13:00 Phoenix Islands Time - Enderbury"},
{"name":"Pacific/Fakaofo","alternativeName":"Tokelau Time","countryName":"Tokelau","mainCities":["Fakaofo"],"group":["Pacific/Fakaofo"],"rawOffsetInMinutes":780,"formatted":"+13:00 Tokelau Time - Fakaofo"},
{"name":"Pacific/Tongatapu","alternativeName":"Tonga Time","countryName":"Tonga","mainCities":["Nuku‘alofa"],"group":["Pacific/Tongatapu"],"rawOffsetInMinutes":780,"formatted":"+13:00 Tonga Time - Nuku‘alofa"},
{"name":"Pacific/Kiritimati","alternativeName":"Line Islands Time","countryName":"Kiribati","mainCities":["Kiritimati"],"group":["Pacific/Kiritimati"],"rawOffsetInMinutes":840,"formatted":"+14:00 Line Islands Time - Kiritimati"}]