[{"timeZoneName":"Pacific/Niue","formattedTimeZoneWithOffset":"UTC -11:00 Niue Time - Niue","offset":-660,"offsetNameShort":"GMT-11","offsetNameLong":"Niue Time","cityName":"Niue"},
{"timeZoneName":"Pacific/Midway","formattedTimeZoneWithOffset":"UTC -11:00 Samoa Standard Time - Midway","offset":-660,"offsetNameShort":"GMT-11","offsetNameLong":"Samoa Standard Time","cityName":"Midway"},
{"timeZoneName":"Pacific/Pago_Pago","formattedTimeZoneWithOffset":"UTC -11:00 Samoa Standard Time - Pago Pago","offset":-660,"offsetNameShort":"GMT-11","offsetNameLong":"Samoa Standard Time","cityName":"Pago Pago"},
{"timeZoneName":"Pacific/Rarotonga","formattedTimeZoneWithOffset":"UTC -10:00 Cook Islands Standard Time - Rarotonga","offset":-600,"offsetNameShort":"GMT-10","offsetNameLong":"Cook Islands Standard Time","cityName":"Rarotonga"},
{"timeZoneName":"Pacific/Honolulu","formattedTimeZoneWithOffset":"UTC -10:00 Hawaii-Aleutian Standard Time - Honolulu","offset":-600,"offsetNameShort":"HST","offsetNameLong":"Hawaii-Aleutian Standard Time","cityName":"Honolulu"},
{"timeZoneName":"Pacific/Tahiti","formattedTimeZoneWithOffset":"UTC -10:00 Tahiti Time - Tahiti","offset":-600,"offsetNameShort":"GMT-10","offsetNameLong":"Tahiti Time","cityName":"Tahiti"},
{"timeZoneName":"Pacific/Marquesas","formattedTimeZoneWithOffset":"UTC -09:30 Marquesas Time - Marquesas","offset":-570,"offsetNameShort":"GMT-9:30","offsetNameLong":"Marquesas Time","cityName":"Marquesas"},
{"timeZoneName":"Pacific/Gambier","formattedTimeZoneWithOffset":"UTC -09:00 Gambier Time - Gambier","offset":-540,"offsetNameShort":"GMT-9","offsetNameLong":"Gambier Time","cityName":"Gambier"},
{"timeZoneName":"America/Adak","formattedTimeZoneWithOffset":"UTC -09:00 Hawaii-Aleutian Daylight Time - Adak","offset":-540,"offsetNameShort":"HADT","offsetNameLong":"Hawaii-Aleutian Daylight Time","cityName":"Adak"},
{"timeZoneName":"America/Anchorage","formattedTimeZoneWithOffset":"UTC -08:00 Alaska Daylight Time - Anchorage","offset":-480,"offsetNameShort":"AKDT","offsetNameLong":"Alaska Daylight Time","cityName":"Anchorage"},
{"timeZoneName":"America/Juneau","formattedTimeZoneWithOffset":"UTC -08:00 Alaska Daylight Time - Juneau","offset":-480,"offsetNameShort":"AKDT","offsetNameLong":"Alaska Daylight Time","cityName":"Juneau"},
{"timeZoneName":"America/Metlakatla","formattedTimeZoneWithOffset":"UTC -08:00 Alaska Daylight Time - Metlakatla","offset":-480,"offsetNameShort":"AKDT","offsetNameLong":"Alaska Daylight Time","cityName":"Metlakatla"},
{"timeZoneName":"America/Nome","formattedTimeZoneWithOffset":"UTC -08:00 Alaska Daylight Time - Nome","offset":-480,"offsetNameShort":"AKDT","offsetNameLong":"Alaska Daylight Time","cityName":"Nome"},
{"timeZoneName":"America/Sitka","formattedTimeZoneWithOffset":"UTC -08:00 Alaska Daylight Time - Sitka","offset":-480,"offsetNameShort":"AKDT","offsetNameLong":"Alaska Daylight Time","cityName":"Sitka"},
{"timeZoneName":"America/Yakutat","formattedTimeZoneWithOffset":"UTC -08:00 Alaska Daylight Time - Yakutat","offset":-480,"offsetNameShort":"AKDT","offsetNameLong":"Alaska Daylight Time","cityName":"Yakutat"},
{"timeZoneName":"Pacific/Pitcairn","formattedTimeZoneWithOffset":"UTC -08:00 Pitcairn Time - Pitcairn","offset":-480,"offsetNameShort":"GMT-8","offsetNameLong":"Pitcairn Time","cityName":"Pitcairn"},
{"timeZoneName":"America/Hermosillo","formattedTimeZoneWithOffset":"UTC -07:00 Mexican Pacific Standard Time - Hermosillo","offset":-420,"offsetNameShort":"GMT-7","offsetNameLong":"Mexican Pacific Standard Time","cityName":"Hermosillo"},
{"timeZoneName":"America/Creston","formattedTimeZoneWithOffset":"UTC -07:00 Mountain Standard Time - Creston","offset":-420,"offsetNameShort":"MST","offsetNameLong":"Mountain Standard Time","cityName":"Creston"},
{"timeZoneName":"America/Dawson_Creek","formattedTimeZoneWithOffset":"UTC -07:00 Mountain Standard Time - Dawson Creek","offset":-420,"offsetNameShort":"MST","offsetNameLong":"Mountain Standard Time","cityName":"Dawson Creek"},
{"timeZoneName":"America/Fort_Nelson","formattedTimeZoneWithOffset":"UTC -07:00 Mountain Standard Time - Fort Nelson","offset":-420,"offsetNameShort":"MST","offsetNameLong":"Mountain Standard Time","cityName":"Fort Nelson"},
{"timeZoneName":"America/Phoenix","formattedTimeZoneWithOffset":"UTC -07:00 Mountain Standard Time - Phoenix","offset":-420,"offsetNameShort":"MST","offsetNameLong":"Mountain Standard Time","cityName":"Phoenix"},
{"timeZoneName":"America/Dawson","formattedTimeZoneWithOffset":"UTC -07:00 Pacific Daylight Time - Dawson","offset":-420,"offsetNameShort":"PDT","offsetNameLong":"Pacific Daylight Time","cityName":"Dawson"},
{"timeZoneName":"America/Los_Angeles","formattedTimeZoneWithOffset":"UTC -07:00 Pacific Daylight Time - Los Angeles","offset":-420,"offsetNameShort":"PDT","offsetNameLong":"Pacific Daylight Time","cityName":"Los Angeles"},
{"timeZoneName":"America/Tijuana","formattedTimeZoneWithOffset":"UTC -07:00 Pacific Daylight Time - Tijuana","offset":-420,"offsetNameShort":"PDT","offsetNameLong":"Pacific Daylight Time","cityName":"Tijuana"},
{"timeZoneName":"America/Vancouver","formattedTimeZoneWithOffset":"UTC -07:00 Pacific Daylight Time - Vancouver","offset":-420,"offsetNameShort":"PDT","offsetNameLong":"Pacific Daylight Time","cityName":"Vancouver"},
{"timeZoneName":"America/Whitehorse","formattedTimeZoneWithOffset":"UTC -07:00 Pacific Daylight Time - Whitehorse","offset":-420,"offsetNameShort":"PDT","offsetNameLong":"Pacific Daylight Time","cityName":"Whitehorse"},
{"timeZoneName":"America/Belize","formattedTimeZoneWithOffset":"UTC -06:00 Central Standard Time - Belize","offset":-360,"offsetNameShort":"CST","offsetNameLong":"Central Standard Time","cityName":"Belize"},
{"timeZoneName":"America/Costa_Rica","formattedTimeZoneWithOffset":"UTC -06:00 Central Standard Time - Costa Rica","offset":-360,"offsetNameShort":"CST","offsetNameLong":"Central Standard Time","cityName":"Costa Rica"},
{"timeZoneName":"America/El_Salvador","formattedTimeZoneWithOffset":"UTC -06:00 Central Standard Time - El Salvador","offset":-360,"offsetNameShort":"CST","offsetNameLong":"Central Standard Time","cityName":"El Salvador"},
{"timeZoneName":"America/Guatemala","formattedTimeZoneWithOffset":"UTC -06:00 Central Standard Time - Guatemala","offset":-360,"offsetNameShort":"CST","offsetNameLong":"Central Standard Time","cityName":"Guatemala"},
{"timeZoneName":"America/Managua","formattedTimeZoneWithOffset":"UTC -06:00 Central Standard Time - Managua","offset":-360,"offsetNameShort":"CST","offsetNameLong":"Central Standard Time","cityName":"Managua"},
{"timeZoneName":"America/Regina","formattedTimeZoneWithOffset":"UTC -06:00 Central Standard Time - Regina","offset":-360,"offsetNameShort":"CST","offsetNameLong":"Central Standard Time","cityName":"Regina"},
{"timeZoneName":"America/Swift_Current","formattedTimeZoneWithOffset":"UTC -06:00 Central Standard Time - Swift Current","offset":-360,"offsetNameShort":"CST","offsetNameLong":"Central Standard Time","cityName":"Swift Current"},
{"timeZoneName":"America/Tegucigalpa","formattedTimeZoneWithOffset":"UTC -06:00 Central Standard Time - Tegucigalpa","offset":-360,"offsetNameShort":"CST","offsetNameLong":"Central Standard Time","cityName":"Tegucigalpa"},
{"timeZoneName":"Pacific/Easter","formattedTimeZoneWithOffset":"UTC -06:00 Easter Island Standard Time - Easter","offset":-360,"offsetNameShort":"GMT-6","offsetNameLong":"Easter Island Standard Time","cityName":"Easter"},
{"timeZoneName":"Pacific/Galapagos","formattedTimeZoneWithOffset":"UTC -06:00 Galapagos Time - Galapagos","offset":-360,"offsetNameShort":"GMT-6","offsetNameLong":"Galapagos Time","cityName":"Galapagos"},
{"timeZoneName":"America/Chihuahua","formattedTimeZoneWithOffset":"UTC -06:00 Mexican Pacific Daylight Time - Chihuahua","offset":-360,"offsetNameShort":"GMT-6","offsetNameLong":"Mexican Pacific Daylight Time","cityName":"Chihuahua"},
{"timeZoneName":"America/Mazatlan","formattedTimeZoneWithOffset":"UTC -06:00 Mexican Pacific Daylight Time - Mazatlan","offset":-360,"offsetNameShort":"GMT-6","offsetNameLong":"Mexican Pacific Daylight Time","cityName":"Mazatlan"},
{"timeZoneName":"America/Boise","formattedTimeZoneWithOffset":"UTC -06:00 Mountain Daylight Time - Boise","offset":-360,"offsetNameShort":"MDT","offsetNameLong":"Mountain Daylight Time","cityName":"Boise"},
{"timeZoneName":"America/Cambridge_Bay","formattedTimeZoneWithOffset":"UTC -06:00 Mountain Daylight Time - Cambridge Bay","offset":-360,"offsetNameShort":"MDT","offsetNameLong":"Mountain Daylight Time","cityName":"Cambridge Bay"},
{"timeZoneName":"America/Denver","formattedTimeZoneWithOffset":"UTC -06:00 Mountain Daylight Time - Denver","offset":-360,"offsetNameShort":"MDT","offsetNameLong":"Mountain Daylight Time","cityName":"Denver"},
{"timeZoneName":"America/Edmonton","formattedTimeZoneWithOffset":"UTC -06:00 Mountain Daylight Time - Edmonton","offset":-360,"offsetNameShort":"MDT","offsetNameLong":"Mountain Daylight Time","cityName":"Edmonton"},
{"timeZoneName":"America/Inuvik","formattedTimeZoneWithOffset":"UTC -06:00 Mountain Daylight Time - Inuvik","offset":-360,"offsetNameShort":"MDT","offsetNameLong":"Mountain Daylight Time","cityName":"Inuvik"},
{"timeZoneName":"America/Ojinaga","formattedTimeZoneWithOffset":"UTC -06:00 Mountain Daylight Time - Ojinaga","offset":-360,"offsetNameShort":"MDT","offsetNameLong":"Mountain Daylight Time","cityName":"Ojinaga"},
{"timeZoneName":"America/Yellowknife","formattedTimeZoneWithOffset":"UTC -06:00 Mountain Daylight Time - Yellowknife","offset":-360,"offsetNameShort":"MDT","offsetNameLong":"Mountain Daylight Time","cityName":"Yellowknife"},
{"timeZoneName":"America/Eirunepe","formattedTimeZoneWithOffset":"UTC -05:00 Acre Standard Time - Eirunepe","offset":-300,"offsetNameShort":"GMT-5","offsetNameLong":"Acre Standard Time","cityName":"Eirunepe"},
{"timeZoneName":"America/Rio_Branco","formattedTimeZoneWithOffset":"UTC -05:00 Acre Standard Time - Rio Branco","offset":-300,"offsetNameShort":"GMT-5","offsetNameLong":"Acre Standard Time","cityName":"Rio Branco"},
{"timeZoneName":"America/Bahia_Banderas","formattedTimeZoneWithOffset":"UTC -05:00 Central Daylight Time - Bahia Banderas","offset":-300,"offsetNameShort":"CDT","offsetNameLong":"Central Daylight Time","cityName":"Bahia Banderas"},
{"timeZoneName":"America/North_Dakota/Beulah","formattedTimeZoneWithOffset":"UTC -05:00 Central Daylight Time - Beulah","offset":-300,"offsetNameShort":"CDT","offsetNameLong":"Central Daylight Time","cityName":"Beulah"},
{"timeZoneName":"America/North_Dakota/Center","formattedTimeZoneWithOffset":"UTC -05:00 Central Daylight Time - Center","offset":-300,"offsetNameShort":"CDT","offsetNameLong":"Central Daylight Time","cityName":"Center"},
{"timeZoneName":"America/Chicago","formattedTimeZoneWithOffset":"UTC -05:00 Central Daylight Time - Chicago","offset":-300,"offsetNameShort":"CDT","offsetNameLong":"Central Daylight Time","cityName":"Chicago"},
{"timeZoneName":"America/Indiana/Knox","formattedTimeZoneWithOffset":"UTC -05:00 Central Daylight Time - Knox","offset":-300,"offsetNameShort":"CDT","offsetNameLong":"Central Daylight Time","cityName":"Knox"},
{"timeZoneName":"America/Matamoros","formattedTimeZoneWithOffset":"UTC -05:00 Central Daylight Time - Matamoros","offset":-300,"offsetNameShort":"CDT","offsetNameLong":"Central Daylight Time","cityName":"Matamoros"},
{"timeZoneName":"America/Menominee","formattedTimeZoneWithOffset":"UTC -05:00 Central Daylight Time - Menominee","offset":-300,"offsetNameShort":"CDT","offsetNameLong":"Central Daylight Time","cityName":"Menominee"},
{"timeZoneName":"America/Merida","formattedTimeZoneWithOffset":"UTC -05:00 Central Daylight Time - Merida","offset":-300,"offsetNameShort":"CDT","offsetNameLong":"Central Daylight Time","cityName":"Merida"},
{"timeZoneName":"America/Mexico_City","formattedTimeZoneWithOffset":"UTC -05:00 Central Daylight Time - Mexico City","offset":-300,"offsetNameShort":"CDT","offsetNameLong":"Central Daylight Time","cityName":"Mexico City"},
{"timeZoneName":"America/Monterrey","formattedTimeZoneWithOffset":"UTC -05:00 Central Daylight Time - Monterrey","offset":-300,"offsetNameShort":"CDT","offsetNameLong":"Central Daylight Time","cityName":"Monterrey"},
{"timeZoneName":"America/North_Dakota/New_Salem","formattedTimeZoneWithOffset":"UTC -05:00 Central Daylight Time - New Salem","offset":-300,"offsetNameShort":"CDT","offsetNameLong":"Central Daylight Time","cityName":"New Salem"},
{"timeZoneName":"America/Rainy_River","formattedTimeZoneWithOffset":"UTC -05:00 Central Daylight Time - Rainy River","offset":-300,"offsetNameShort":"CDT","offsetNameLong":"Central Daylight Time","cityName":"Rainy River"},
{"timeZoneName":"America/Rankin_Inlet","formattedTimeZoneWithOffset":"UTC -05:00 Central Daylight Time - Rankin Inlet","offset":-300,"offsetNameShort":"CDT","offsetNameLong":"Central Daylight Time","cityName":"Rankin Inlet"},
{"timeZoneName":"America/Resolute","formattedTimeZoneWithOffset":"UTC -05:00 Central Daylight Time - Resolute","offset":-300,"offsetNameShort":"CDT","offsetNameLong":"Central Daylight Time","cityName":"Resolute"},
{"timeZoneName":"America/Indiana/Tell_City","formattedTimeZoneWithOffset":"UTC -05:00 Central Daylight Time - Tell City","offset":-300,"offsetNameShort":"CDT","offsetNameLong":"Central Daylight Time","cityName":"Tell City"},
{"timeZoneName":"America/Winnipeg","formattedTimeZoneWithOffset":"UTC -05:00 Central Daylight Time - Winnipeg","offset":-300,"offsetNameShort":"CDT","offsetNameLong":"Central Daylight Time","cityName":"Winnipeg"},
{"timeZoneName":"America/Bogota","formattedTimeZoneWithOffset":"UTC -05:00 Colombia Standard Time - Bogota","offset":-300,"offsetNameShort":"GMT-5","offsetNameLong":"Colombia Standard Time","cityName":"Bogota"},
{"timeZoneName":"America/Atikokan","formattedTimeZoneWithOffset":"UTC -05:00 Eastern Standard Time - Atikokan","offset":-300,"offsetNameShort":"EST","offsetNameLong":"Eastern Standard Time","cityName":"Atikokan"},
{"timeZoneName":"America/Cancun","formattedTimeZoneWithOffset":"UTC -05:00 Eastern Standard Time - Cancun","offset":-300,"offsetNameShort":"EST","offsetNameLong":"Eastern Standard Time","cityName":"Cancun"},
{"timeZoneName":"America/Cayman","formattedTimeZoneWithOffset":"UTC -05:00 Eastern Standard Time - Cayman","offset":-300,"offsetNameShort":"EST","offsetNameLong":"Eastern Standard Time","cityName":"Cayman"},
{"timeZoneName":"America/Jamaica","formattedTimeZoneWithOffset":"UTC -05:00 Eastern Standard Time - Jamaica","offset":-300,"offsetNameShort":"EST","offsetNameLong":"Eastern Standard Time","cityName":"Jamaica"},
{"timeZoneName":"America/Panama","formattedTimeZoneWithOffset":"UTC -05:00 Eastern Standard Time - Panama","offset":-300,"offsetNameShort":"EST","offsetNameLong":"Eastern Standard Time","cityName":"Panama"},
{"timeZoneName":"America/Guayaquil","formattedTimeZoneWithOffset":"UTC -05:00 Ecuador Time - Guayaquil","offset":-300,"offsetNameShort":"GMT-5","offsetNameLong":"Ecuador Time","cityName":"Guayaquil"},
{"timeZoneName":"America/Lima","formattedTimeZoneWithOffset":"UTC -05:00 Peru Standard Time - Lima","offset":-300,"offsetNameShort":"GMT-5","offsetNameLong":"Peru Standard Time","cityName":"Lima"},
{"timeZoneName":"America/Boa_Vista","formattedTimeZoneWithOffset":"UTC -04:00 Amazon Standard Time - Boa Vista","offset":-240,"offsetNameShort":"GMT-4","offsetNameLong":"Amazon Standard Time","cityName":"Boa Vista"},
{"timeZoneName":"America/Campo_Grande","formattedTimeZoneWithOffset":"UTC -04:00 Amazon Standard Time - Campo Grande","offset":-240,"offsetNameShort":"GMT-4","offsetNameLong":"Amazon Standard Time","cityName":"Campo Grande"},
{"timeZoneName":"America/Cuiaba","formattedTimeZoneWithOffset":"UTC -04:00 Amazon Standard Time - Cuiaba","offset":-240,"offsetNameShort":"GMT-4","offsetNameLong":"Amazon Standard Time","cityName":"Cuiaba"},
{"timeZoneName":"America/Manaus","formattedTimeZoneWithOffset":"UTC -04:00 Amazon Standard Time - Manaus","offset":-240,"offsetNameShort":"GMT-4","offsetNameLong":"Amazon Standard Time","cityName":"Manaus"},
{"timeZoneName":"America/Porto_Velho","formattedTimeZoneWithOffset":"UTC -04:00 Amazon Standard Time - Porto Velho","offset":-240,"offsetNameShort":"GMT-4","offsetNameLong":"Amazon Standard Time","cityName":"Porto Velho"},
{"timeZoneName":"America/Anguilla","formattedTimeZoneWithOffset":"UTC -04:00 Atlantic Standard Time - Anguilla","offset":-240,"offsetNameShort":"AST","offsetNameLong":"Atlantic Standard Time","cityName":"Anguilla"},
{"timeZoneName":"America/Antigua","formattedTimeZoneWithOffset":"UTC -04:00 Atlantic Standard Time - Antigua","offset":-240,"offsetNameShort":"AST","offsetNameLong":"Atlantic Standard Time","cityName":"Antigua"},
{"timeZoneName":"America/Aruba","formattedTimeZoneWithOffset":"UTC -04:00 Atlantic Standard Time - Aruba","offset":-240,"offsetNameShort":"AST","offsetNameLong":"Atlantic Standard Time","cityName":"Aruba"},
{"timeZoneName":"America/Barbados","formattedTimeZoneWithOffset":"UTC -04:00 Atlantic Standard Time - Barbados","offset":-240,"offsetNameShort":"AST","offsetNameLong":"Atlantic Standard Time","cityName":"Barbados"},
{"timeZoneName":"America/Blanc-Sablon","formattedTimeZoneWithOffset":"UTC -04:00 Atlantic Standard Time - Blanc-Sablon","offset":-240,"offsetNameShort":"AST","offsetNameLong":"Atlantic Standard Time","cityName":"Blanc-Sablon"},
{"timeZoneName":"America/Curacao","formattedTimeZoneWithOffset":"UTC -04:00 Atlantic Standard Time - Curacao","offset":-240,"offsetNameShort":"AST","offsetNameLong":"Atlantic Standard Time","cityName":"Curacao"},
{"timeZoneName":"America/Dominica","formattedTimeZoneWithOffset":"UTC -04:00 Atlantic Standard Time - Dominica","offset":-240,"offsetNameShort":"AST","offsetNameLong":"Atlantic Standard Time","cityName":"Dominica"},
{"timeZoneName":"America/Grenada","formattedTimeZoneWithOffset":"UTC -04:00 Atlantic Standard Time - Grenada","offset":-240,"offsetNameShort":"AST","offsetNameLong":"Atlantic Standard Time","cityName":"Grenada"},
{"timeZoneName":"America/Guadeloupe","formattedTimeZoneWithOffset":"UTC -04:00 Atlantic Standard Time - Guadeloupe","offset":-240,"offsetNameShort":"AST","offsetNameLong":"Atlantic Standard Time","cityName":"Guadeloupe"},
{"timeZoneName":"America/Kralendijk","formattedTimeZoneWithOffset":"UTC -04:00 Atlantic Standard Time - Kralendijk","offset":-240,"offsetNameShort":"AST","offsetNameLong":"Atlantic Standard Time","cityName":"Kralendijk"},
{"timeZoneName":"America/Lower_Princes","formattedTimeZoneWithOffset":"UTC -04:00 Atlantic Standard Time - Lower Princes","offset":-240,"offsetNameShort":"AST","offsetNameLong":"Atlantic Standard Time","cityName":"Lower Princes"},
{"timeZoneName":"America/Marigot","formattedTimeZoneWithOffset":"UTC -04:00 Atlantic Standard Time - Marigot","offset":-240,"offsetNameShort":"AST","offsetNameLong":"Atlantic Standard Time","cityName":"Marigot"},
{"timeZoneName":"America/Martinique","formattedTimeZoneWithOffset":"UTC -04:00 Atlantic Standard Time - Martinique","offset":-240,"offsetNameShort":"AST","offsetNameLong":"Atlantic Standard Time","cityName":"Martinique"},
{"timeZoneName":"America/Montserrat","formattedTimeZoneWithOffset":"UTC -04:00 Atlantic Standard Time - Montserrat","offset":-240,"offsetNameShort":"AST","offsetNameLong":"Atlantic Standard Time","cityName":"Montserrat"},
{"timeZoneName":"America/Port_of_Spain","formattedTimeZoneWithOffset":"UTC -04:00 Atlantic Standard Time - Port of Spain","offset":-240,"offsetNameShort":"AST","offsetNameLong":"Atlantic Standard Time","cityName":"Port of Spain"},
{"timeZoneName":"America/Puerto_Rico","formattedTimeZoneWithOffset":"UTC -04:00 Atlantic Standard Time - Puerto Rico","offset":-240,"offsetNameShort":"AST","offsetNameLong":"Atlantic Standard Time","cityName":"Puerto Rico"},
{"timeZoneName":"America/Santo_Domingo","formattedTimeZoneWithOffset":"UTC -04:00 Atlantic Standard Time - Santo Domingo","offset":-240,"offsetNameShort":"AST","offsetNameLong":"Atlantic Standard Time","cityName":"Santo Domingo"},
{"timeZoneName":"America/St_Barthelemy","formattedTimeZoneWithOffset":"UTC -04:00 Atlantic Standard Time - St Barthelemy","offset":-240,"offsetNameShort":"AST","offsetNameLong":"Atlantic Standard Time","cityName":"St Barthelemy"},
{"timeZoneName":"America/St_Kitts","formattedTimeZoneWithOffset":"UTC -04:00 Atlantic Standard Time - St Kitts","offset":-240,"offsetNameShort":"AST","offsetNameLong":"Atlantic Standard Time","cityName":"St Kitts"},
{"timeZoneName":"America/St_Lucia","formattedTimeZoneWithOffset":"UTC -04:00 Atlantic Standard Time - St Lucia","offset":-240,"offsetNameShort":"AST","offsetNameLong":"Atlantic Standard Time","cityName":"St Lucia"},
{"timeZoneName":"America/St_Thomas","formattedTimeZoneWithOffset":"UTC -04:00 Atlantic Standard Time - St Thomas","offset":-240,"offsetNameShort":"AST","offsetNameLong":"Atlantic Standard Time","cityName":"St Thomas"},
{"timeZoneName":"America/St_Vincent","formattedTimeZoneWithOffset":"UTC -04:00 Atlantic Standard Time - St Vincent","offset":-240,"offsetNameShort":"AST","offsetNameLong":"Atlantic Standard Time","cityName":"St Vincent"},
{"timeZoneName":"America/Tortola","formattedTimeZoneWithOffset":"UTC -04:00 Atlantic Standard Time - Tortola","offset":-240,"offsetNameShort":"AST","offsetNameLong":"Atlantic Standard Time","cityName":"Tortola"},
{"timeZoneName":"America/La_Paz","formattedTimeZoneWithOffset":"UTC -04:00 Bolivia Time - La Paz","offset":-240,"offsetNameShort":"GMT-4","offsetNameLong":"Bolivia Time","cityName":"La Paz"},
{"timeZoneName":"America/Santiago","formattedTimeZoneWithOffset":"UTC -04:00 Chile Standard Time - Santiago","offset":-240,"offsetNameShort":"GMT-4","offsetNameLong":"Chile Standard Time","cityName":"Santiago"},
{"timeZoneName":"America/Havana","formattedTimeZoneWithOffset":"UTC -04:00 Cuba Daylight Time - Havana","offset":-240,"offsetNameShort":"GMT-4","offsetNameLong":"Cuba Daylight Time","cityName":"Havana"},
{"timeZoneName":"America/Detroit","formattedTimeZoneWithOffset":"UTC -04:00 Eastern Daylight Time - Detroit","offset":-240,"offsetNameShort":"EDT","offsetNameLong":"Eastern Daylight Time","cityName":"Detroit"},
{"timeZoneName":"America/Grand_Turk","formattedTimeZoneWithOffset":"UTC -04:00 Eastern Daylight Time - Grand Turk","offset":-240,"offsetNameShort":"EDT","offsetNameLong":"Eastern Daylight Time","cityName":"Grand Turk"},
{"timeZoneName":"America/Indiana/Indianapolis","formattedTimeZoneWithOffset":"UTC -04:00 Eastern Daylight Time - Indianapolis","offset":-240,"offsetNameShort":"EDT","offsetNameLong":"Eastern Daylight Time","cityName":"Indianapolis"},
{"timeZoneName":"America/Iqaluit","formattedTimeZoneWithOffset":"UTC -04:00 Eastern Daylight Time - Iqaluit","offset":-240,"offsetNameShort":"EDT","offsetNameLong":"Eastern Daylight Time","cityName":"Iqaluit"},
{"timeZoneName":"America/Kentucky/Louisville","formattedTimeZoneWithOffset":"UTC -04:00 Eastern Daylight Time - Louisville","offset":-240,"offsetNameShort":"EDT","offsetNameLong":"Eastern Daylight Time","cityName":"Louisville"},
{"timeZoneName":"America/Indiana/Marengo","formattedTimeZoneWithOffset":"UTC -04:00 Eastern Daylight Time - Marengo","offset":-240,"offsetNameShort":"EDT","offsetNameLong":"Eastern Daylight Time","cityName":"Marengo"},
{"timeZoneName":"America/Kentucky/Monticello","formattedTimeZoneWithOffset":"UTC -04:00 Eastern Daylight Time - Monticello","offset":-240,"offsetNameShort":"EDT","offsetNameLong":"Eastern Daylight Time","cityName":"Monticello"},
{"timeZoneName":"America/Nassau","formattedTimeZoneWithOffset":"UTC -04:00 Eastern Daylight Time - Nassau","offset":-240,"offsetNameShort":"EDT","offsetNameLong":"Eastern Daylight Time","cityName":"Nassau"},
{"timeZoneName":"America/New_York","formattedTimeZoneWithOffset":"UTC -04:00 Eastern Daylight Time - New York","offset":-240,"offsetNameShort":"EDT","offsetNameLong":"Eastern Daylight Time","cityName":"New York"},
{"timeZoneName":"America/Nipigon","formattedTimeZoneWithOffset":"UTC -04:00 Eastern Daylight Time - Nipigon","offset":-240,"offsetNameShort":"EDT","offsetNameLong":"Eastern Daylight Time","cityName":"Nipigon"},
{"timeZoneName":"America/Pangnirtung","formattedTimeZoneWithOffset":"UTC -04:00 Eastern Daylight Time - Pangnirtung","offset":-240,"offsetNameShort":"EDT","offsetNameLong":"Eastern Daylight Time","cityName":"Pangnirtung"},
{"timeZoneName":"America/Indiana/Petersburg","formattedTimeZoneWithOffset":"UTC -04:00 Eastern Daylight Time - Petersburg","offset":-240,"offsetNameShort":"EDT","offsetNameLong":"Eastern Daylight Time","cityName":"Petersburg"},
{"timeZoneName":"America/Port-au-Prince","formattedTimeZoneWithOffset":"UTC -04:00 Eastern Daylight Time - Port-au-Prince","offset":-240,"offsetNameShort":"EDT","offsetNameLong":"Eastern Daylight Time","cityName":"Port-au-Prince"},
{"timeZoneName":"America/Thunder_Bay","formattedTimeZoneWithOffset":"UTC -04:00 Eastern Daylight Time - Thunder Bay","offset":-240,"offsetNameShort":"EDT","offsetNameLong":"Eastern Daylight Time","cityName":"Thunder Bay"},
{"timeZoneName":"America/Toronto","formattedTimeZoneWithOffset":"UTC -04:00 Eastern Daylight Time - Toronto","offset":-240,"offsetNameShort":"EDT","offsetNameLong":"Eastern Daylight Time","cityName":"Toronto"},
{"timeZoneName":"America/Indiana/Vevay","formattedTimeZoneWithOffset":"UTC -04:00 Eastern Daylight Time - Vevay","offset":-240,"offsetNameShort":"EDT","offsetNameLong":"Eastern Daylight Time","cityName":"Vevay"},
{"timeZoneName":"America/Indiana/Vincennes","formattedTimeZoneWithOffset":"UTC -04:00 Eastern Daylight Time - Vincennes","offset":-240,"offsetNameShort":"EDT","offsetNameLong":"Eastern Daylight Time","cityName":"Vincennes"},
{"timeZoneName":"America/Indiana/Winamac","formattedTimeZoneWithOffset":"UTC -04:00 Eastern Daylight Time - Winamac","offset":-240,"offsetNameShort":"EDT","offsetNameLong":"Eastern Daylight Time","cityName":"Winamac"},
{"timeZoneName":"America/Guyana","formattedTimeZoneWithOffset":"UTC -04:00 Guyana Time - Guyana","offset":-240,"offsetNameShort":"GMT-4","offsetNameLong":"Guyana Time","cityName":"Guyana"},
{"timeZoneName":"America/Asuncion","formattedTimeZoneWithOffset":"UTC -04:00 Paraguay Standard Time - Asuncion","offset":-240,"offsetNameShort":"GMT-4","offsetNameLong":"Paraguay Standard Time","cityName":"Asuncion"},
{"timeZoneName":"America/Caracas","formattedTimeZoneWithOffset":"UTC -04:00 Venezuela Time - Caracas","offset":-240,"offsetNameShort":"GMT-4","offsetNameLong":"Venezuela Time","cityName":"Caracas"},
{"timeZoneName":"America/Argentina/Buenos_Aires","formattedTimeZoneWithOffset":"UTC -03:00 Argentina Standard Time - Buenos Aires","offset":-180,"offsetNameShort":"GMT-3","offsetNameLong":"Argentina Standard Time","cityName":"Buenos Aires"},
{"timeZoneName":"America/Argentina/Catamarca","formattedTimeZoneWithOffset":"UTC -03:00 Argentina Standard Time - Catamarca","offset":-180,"offsetNameShort":"GMT-3","offsetNameLong":"Argentina Standard Time","cityName":"Catamarca"},
{"timeZoneName":"America/Argentina/Cordoba","formattedTimeZoneWithOffset":"UTC -03:00 Argentina Standard Time - Cordoba","offset":-180,"offsetNameShort":"GMT-3","offsetNameLong":"Argentina Standard Time","cityName":"Cordoba"},
{"timeZoneName":"America/Argentina/Jujuy","formattedTimeZoneWithOffset":"UTC -03:00 Argentina Standard Time - Jujuy","offset":-180,"offsetNameShort":"GMT-3","offsetNameLong":"Argentina Standard Time","cityName":"Jujuy"},
{"timeZoneName":"America/Argentina/La_Rioja","formattedTimeZoneWithOffset":"UTC -03:00 Argentina Standard Time - La Rioja","offset":-180,"offsetNameShort":"GMT-3","offsetNameLong":"Argentina Standard Time","cityName":"La Rioja"},
{"timeZoneName":"America/Argentina/Mendoza","formattedTimeZoneWithOffset":"UTC -03:00 Argentina Standard Time - Mendoza","offset":-180,"offsetNameShort":"GMT-3","offsetNameLong":"Argentina Standard Time","cityName":"Mendoza"},
{"timeZoneName":"America/Argentina/Rio_Gallegos","formattedTimeZoneWithOffset":"UTC -03:00 Argentina Standard Time - Rio Gallegos","offset":-180,"offsetNameShort":"GMT-3","offsetNameLong":"Argentina Standard Time","cityName":"Rio Gallegos"},
{"timeZoneName":"America/Argentina/Salta","formattedTimeZoneWithOffset":"UTC -03:00 Argentina Standard Time - Salta","offset":-180,"offsetNameShort":"GMT-3","offsetNameLong":"Argentina Standard Time","cityName":"Salta"},
{"timeZoneName":"America/Argentina/San_Juan","formattedTimeZoneWithOffset":"UTC -03:00 Argentina Standard Time - San Juan","offset":-180,"offsetNameShort":"GMT-3","offsetNameLong":"Argentina Standard Time","cityName":"San Juan"},
{"timeZoneName":"America/Argentina/San_Luis","formattedTimeZoneWithOffset":"UTC -03:00 Argentina Standard Time - San Luis","offset":-180,"offsetNameShort":"GMT-3","offsetNameLong":"Argentina Standard Time","cityName":"San Luis"},
{"timeZoneName":"America/Argentina/Tucuman","formattedTimeZoneWithOffset":"UTC -03:00 Argentina Standard Time - Tucuman","offset":-180,"offsetNameShort":"GMT-3","offsetNameLong":"Argentina Standard Time","cityName":"Tucuman"},
{"timeZoneName":"America/Argentina/Ushuaia","formattedTimeZoneWithOffset":"UTC -03:00 Argentina Standard Time - Ushuaia","offset":-180,"offsetNameShort":"GMT-3","offsetNameLong":"Argentina Standard Time","cityName":"Ushuaia"},
{"timeZoneName":"Atlantic/Bermuda","formattedTimeZoneWithOffset":"UTC -03:00 Atlantic Daylight Time - Bermuda","offset":-180,"offsetNameShort":"ADT","offsetNameLong":"Atlantic Daylight Time","cityName":"Bermuda"},
{"timeZoneName":"America/Glace_Bay","formattedTimeZoneWithOffset":"UTC -03:00 Atlantic Daylight Time - Glace Bay","offset":-180,"offsetNameShort":"ADT","offsetNameLong":"Atlantic Daylight Time","cityName":"Glace Bay"},
{"timeZoneName":"America/Goose_Bay","formattedTimeZoneWithOffset":"UTC -03:00 Atlantic Daylight Time - Goose Bay","offset":-180,"offsetNameShort":"ADT","offsetNameLong":"Atlantic Daylight Time","cityName":"Goose Bay"},
{"timeZoneName":"America/Halifax","formattedTimeZoneWithOffset":"UTC -03:00 Atlantic Daylight Time - Halifax","offset":-180,"offsetNameShort":"ADT","offsetNameLong":"Atlantic Daylight Time","cityName":"Halifax"},
{"timeZoneName":"America/Moncton","formattedTimeZoneWithOffset":"UTC -03:00 Atlantic Daylight Time - Moncton","offset":-180,"offsetNameShort":"ADT","offsetNameLong":"Atlantic Daylight Time","cityName":"Moncton"},
{"timeZoneName":"America/Thule","formattedTimeZoneWithOffset":"UTC -03:00 Atlantic Daylight Time - Thule","offset":-180,"offsetNameShort":"ADT","offsetNameLong":"Atlantic Daylight Time","cityName":"Thule"},
{"timeZoneName":"America/Araguaina","formattedTimeZoneWithOffset":"UTC -03:00 Brasilia Standard Time - Araguaina","offset":-180,"offsetNameShort":"GMT-3","offsetNameLong":"Brasilia Standard Time","cityName":"Araguaina"},
{"timeZoneName":"America/Bahia","formattedTimeZoneWithOffset":"UTC -03:00 Brasilia Standard Time - Bahia","offset":-180,"offsetNameShort":"GMT-3","offsetNameLong":"Brasilia Standard Time","cityName":"Bahia"},
{"timeZoneName":"America/Belem","formattedTimeZoneWithOffset":"UTC -03:00 Brasilia Standard Time - Belem","offset":-180,"offsetNameShort":"GMT-3","offsetNameLong":"Brasilia Standard Time","cityName":"Belem"},
{"timeZoneName":"America/Fortaleza","formattedTimeZoneWithOffset":"UTC -03:00 Brasilia Standard Time - Fortaleza","offset":-180,"offsetNameShort":"GMT-3","offsetNameLong":"Brasilia Standard Time","cityName":"Fortaleza"},
{"timeZoneName":"America/Maceio","formattedTimeZoneWithOffset":"UTC -03:00 Brasilia Standard Time - Maceio","offset":-180,"offsetNameShort":"GMT-3","offsetNameLong":"Brasilia Standard Time","cityName":"Maceio"},
{"timeZoneName":"America/Recife","formattedTimeZoneWithOffset":"UTC -03:00 Brasilia Standard Time - Recife","offset":-180,"offsetNameShort":"GMT-3","offsetNameLong":"Brasilia Standard Time","cityName":"Recife"},
{"timeZoneName":"America/Santarem","formattedTimeZoneWithOffset":"UTC -03:00 Brasilia Standard Time - Santarem","offset":-180,"offsetNameShort":"GMT-3","offsetNameLong":"Brasilia Standard Time","cityName":"Santarem"},
{"timeZoneName":"America/Sao_Paulo","formattedTimeZoneWithOffset":"UTC -03:00 Brasilia Standard Time - Sao Paulo","offset":-180,"offsetNameShort":"GMT-3","offsetNameLong":"Brasilia Standard Time","cityName":"Sao Paulo"},
{"timeZoneName":"Atlantic/Stanley","formattedTimeZoneWithOffset":"UTC -03:00 Falkland Islands Standard Time - Stanley","offset":-180,"offsetNameShort":"GMT-3","offsetNameLong":"Falkland Islands Standard Time","cityName":"Stanley"},
{"timeZoneName":"America/Cayenne","formattedTimeZoneWithOffset":"UTC -03:00 French Guiana Time - Cayenne","offset":-180,"offsetNameShort":"GMT-3","offsetNameLong":"French Guiana Time","cityName":"Cayenne"},
{"timeZoneName":"Antarctica/Palmer","formattedTimeZoneWithOffset":"UTC -03:00 GMT-03:00 - Palmer","offset":-180,"offsetNameShort":"GMT-3","offsetNameLong":"GMT-03:00","cityName":"Palmer"},
{"timeZoneName":"America/Punta_Arenas","formattedTimeZoneWithOffset":"UTC -03:00 GMT-03:00 - Punta Arenas","offset":-180,"offsetNameShort":"GMT-3","offsetNameLong":"GMT-03:00","cityName":"Punta Arenas"},
{"timeZoneName":"Antarctica/Rothera","formattedTimeZoneWithOffset":"UTC -03:00 Rothera Time - Rothera","offset":-180,"offsetNameShort":"GMT-3","offsetNameLong":"Rothera Time","cityName":"Rothera"},
{"timeZoneName":"America/Paramaribo","formattedTimeZoneWithOffset":"UTC -03:00 Suriname Time - Paramaribo","offset":-180,"offsetNameShort":"GMT-3","offsetNameLong":"Suriname Time","cityName":"Paramaribo"},
{"timeZoneName":"America/Montevideo","formattedTimeZoneWithOffset":"UTC -03:00 Uruguay Standard Time - Montevideo","offset":-180,"offsetNameShort":"GMT-3","offsetNameLong":"Uruguay Standard Time","cityName":"Montevideo"},
{"timeZoneName":"America/St_Johns","formattedTimeZoneWithOffset":"UTC -02:30 Newfoundland Daylight Time - St Johns","offset":-150,"offsetNameShort":"GMT-2:30","offsetNameLong":"Newfoundland Daylight Time","cityName":"St Johns"},
{"timeZoneName":"America/Noronha","formattedTimeZoneWithOffset":"UTC -02:00 Fernando de Noronha Standard Time - Noronha","offset":-120,"offsetNameShort":"GMT-2","offsetNameLong":"Fernando de Noronha Standard Time","cityName":"Noronha"},
{"timeZoneName":"Atlantic/South_Georgia","formattedTimeZoneWithOffset":"UTC -02:00 South Georgia Time - South Georgia","offset":-120,"offsetNameShort":"GMT-2","offsetNameLong":"South Georgia Time","cityName":"South Georgia"},
{"timeZoneName":"America/Miquelon","formattedTimeZoneWithOffset":"UTC -02:00 St. Pierre & Miquelon Daylight Time - Miquelon","offset":-120,"offsetNameShort":"GMT-2","offsetNameLong":"St. Pierre & Miquelon Daylight Time","cityName":"Miquelon"},
{"timeZoneName":"America/Godthab","formattedTimeZoneWithOffset":"UTC -02:00 West Greenland Summer Time - Godthab","offset":-120,"offsetNameShort":"GMT-2","offsetNameLong":"West Greenland Summer Time","cityName":"Godthab"},
{"timeZoneName":"Atlantic/Cape_Verde","formattedTimeZoneWithOffset":"UTC -01:00 Cape Verde Standard Time - Cape Verde","offset":-60,"offsetNameShort":"GMT-1","offsetNameLong":"Cape Verde Standard Time","cityName":"Cape Verde"},
{"timeZoneName":"Atlantic/Azores","formattedTimeZoneWithOffset":"UTC +00:00 Azores Summer Time - Azores","offset":0,"offsetNameShort":"GMT","offsetNameLong":"Azores Summer Time","cityName":"Azores"},
{"timeZoneName":"America/Scoresbysund","formattedTimeZoneWithOffset":"UTC +00:00 East Greenland Summer Time - Scoresbysund","offset":0,"offsetNameShort":"GMT","offsetNameLong":"East Greenland Summer Time","cityName":"Scoresbysund"},
{"timeZoneName":"Africa/Abidjan","formattedTimeZoneWithOffset":"UTC +00:00 Greenwich Mean Time - Abidjan","offset":0,"offsetNameShort":"GMT","offsetNameLong":"Greenwich Mean Time","cityName":"Abidjan"},
{"timeZoneName":"Africa/Accra","formattedTimeZoneWithOffset":"UTC +00:00 Greenwich Mean Time - Accra","offset":0,"offsetNameShort":"GMT","offsetNameLong":"Greenwich Mean Time","cityName":"Accra"},
{"timeZoneName":"Africa/Bamako","formattedTimeZoneWithOffset":"UTC +00:00 Greenwich Mean Time - Bamako","offset":0,"offsetNameShort":"GMT","offsetNameLong":"Greenwich Mean Time","cityName":"Bamako"},
{"timeZoneName":"Africa/Banjul","formattedTimeZoneWithOffset":"UTC +00:00 Greenwich Mean Time - Banjul","offset":0,"offsetNameShort":"GMT","offsetNameLong":"Greenwich Mean Time","cityName":"Banjul"},
{"timeZoneName":"Africa/Bissau","formattedTimeZoneWithOffset":"UTC +00:00 Greenwich Mean Time - Bissau","offset":0,"offsetNameShort":"GMT","offsetNameLong":"Greenwich Mean Time","cityName":"Bissau"},
{"timeZoneName":"Africa/Conakry","formattedTimeZoneWithOffset":"UTC +00:00 Greenwich Mean Time - Conakry","offset":0,"offsetNameShort":"GMT","offsetNameLong":"Greenwich Mean Time","cityName":"Conakry"},
{"timeZoneName":"Africa/Dakar","formattedTimeZoneWithOffset":"UTC +00:00 Greenwich Mean Time - Dakar","offset":0,"offsetNameShort":"GMT","offsetNameLong":"Greenwich Mean Time","cityName":"Dakar"},
{"timeZoneName":"America/Danmarkshavn","formattedTimeZoneWithOffset":"UTC +00:00 Greenwich Mean Time - Danmarkshavn","offset":0,"offsetNameShort":"GMT","offsetNameLong":"Greenwich Mean Time","cityName":"Danmarkshavn"},
{"timeZoneName":"Africa/Freetown","formattedTimeZoneWithOffset":"UTC +00:00 Greenwich Mean Time - Freetown","offset":0,"offsetNameShort":"GMT","offsetNameLong":"Greenwich Mean Time","cityName":"Freetown"},
{"timeZoneName":"Africa/Lome","formattedTimeZoneWithOffset":"UTC +00:00 Greenwich Mean Time - Lome","offset":0,"offsetNameShort":"GMT","offsetNameLong":"Greenwich Mean Time","cityName":"Lome"},
{"timeZoneName":"Africa/Monrovia","formattedTimeZoneWithOffset":"UTC +00:00 Greenwich Mean Time - Monrovia","offset":0,"offsetNameShort":"GMT","offsetNameLong":"Greenwich Mean Time","cityName":"Monrovia"},
{"timeZoneName":"Africa/Nouakchott","formattedTimeZoneWithOffset":"UTC +00:00 Greenwich Mean Time - Nouakchott","offset":0,"offsetNameShort":"GMT","offsetNameLong":"Greenwich Mean Time","cityName":"Nouakchott"},
{"timeZoneName":"Africa/Ouagadougou","formattedTimeZoneWithOffset":"UTC +00:00 Greenwich Mean Time - Ouagadougou","offset":0,"offsetNameShort":"GMT","offsetNameLong":"Greenwich Mean Time","cityName":"Ouagadougou"},
{"timeZoneName":"Atlantic/Reykjavik","formattedTimeZoneWithOffset":"UTC +00:00 Greenwich Mean Time - Reykjavik","offset":0,"offsetNameShort":"GMT","offsetNameLong":"Greenwich Mean Time","cityName":"Reykjavik"},
{"timeZoneName":"Africa/Sao_Tome","formattedTimeZoneWithOffset":"UTC +00:00 Greenwich Mean Time - Sao Tome","offset":0,"offsetNameShort":"GMT","offsetNameLong":"Greenwich Mean Time","cityName":"Sao Tome"},
{"timeZoneName":"Atlantic/St_Helena","formattedTimeZoneWithOffset":"UTC +00:00 Greenwich Mean Time - St Helena","offset":0,"offsetNameShort":"GMT","offsetNameLong":"Greenwich Mean Time","cityName":"St Helena"},
{"timeZoneName":"Europe/London","formattedTimeZoneWithOffset":"UTC +01:00 British Summer Time - London","offset":60,"offsetNameShort":"GMT+1","offsetNameLong":"British Summer Time","cityName":"London"},
{"timeZoneName":"Africa/Algiers","formattedTimeZoneWithOffset":"UTC +01:00 Central European Standard Time - Algiers","offset":60,"offsetNameShort":"GMT+1","offsetNameLong":"Central European Standard Time","cityName":"Algiers"},
{"timeZoneName":"Africa/Tunis","formattedTimeZoneWithOffset":"UTC +01:00 Central European Standard Time - Tunis","offset":60,"offsetNameShort":"GMT+1","offsetNameLong":"Central European Standard Time","cityName":"Tunis"},
{"timeZoneName":"Africa/Casablanca","formattedTimeZoneWithOffset":"UTC +01:00 GMT+01:00 - Casablanca","offset":60,"offsetNameShort":"GMT+1","offsetNameLong":"GMT+01:00","cityName":"Casablanca"},
{"timeZoneName":"Africa/El_Aaiun","formattedTimeZoneWithOffset":"UTC +01:00 GMT+01:00 - El Aaiun","offset":60,"offsetNameShort":"GMT+1","offsetNameLong":"GMT+01:00","cityName":"El Aaiun"},
{"timeZoneName":"Europe/Guernsey","formattedTimeZoneWithOffset":"UTC +01:00 GMT+01:00 - Guernsey","offset":60,"offsetNameShort":"GMT+1","offsetNameLong":"GMT+01:00","cityName":"Guernsey"},
{"timeZoneName":"Europe/Isle_of_Man","formattedTimeZoneWithOffset":"UTC +01:00 GMT+01:00 - Isle of Man","offset":60,"offsetNameShort":"GMT+1","offsetNameLong":"GMT+01:00","cityName":"Isle of Man"},
{"timeZoneName":"Europe/Jersey","formattedTimeZoneWithOffset":"UTC +01:00 GMT+01:00 - Jersey","offset":60,"offsetNameShort":"GMT+1","offsetNameLong":"GMT+01:00","cityName":"Jersey"},
{"timeZoneName":"Europe/Dublin","formattedTimeZoneWithOffset":"UTC +01:00 Irish Standard Time - Dublin","offset":60,"offsetNameShort":"GMT+1","offsetNameLong":"Irish Standard Time","cityName":"Dublin"},
{"timeZoneName":"Africa/Bangui","formattedTimeZoneWithOffset":"UTC +01:00 West Africa Standard Time - Bangui","offset":60,"offsetNameShort":"GMT+1","offsetNameLong":"West Africa Standard Time","cityName":"Bangui"},
{"timeZoneName":"Africa/Brazzaville","formattedTimeZoneWithOffset":"UTC +01:00 West Africa Standard Time - Brazzaville","offset":60,"offsetNameShort":"GMT+1","offsetNameLong":"West Africa Standard Time","cityName":"Brazzaville"},
{"timeZoneName":"Africa/Douala","formattedTimeZoneWithOffset":"UTC +01:00 West Africa Standard Time - Douala","offset":60,"offsetNameShort":"GMT+1","offsetNameLong":"West Africa Standard Time","cityName":"Douala"},
{"timeZoneName":"Africa/Kinshasa","formattedTimeZoneWithOffset":"UTC +01:00 West Africa Standard Time - Kinshasa","offset":60,"offsetNameShort":"GMT+1","offsetNameLong":"West Africa Standard Time","cityName":"Kinshasa"},
{"timeZoneName":"Africa/Lagos","formattedTimeZoneWithOffset":"UTC +01:00 West Africa Standard Time - Lagos","offset":60,"offsetNameShort":"GMT+1","offsetNameLong":"West Africa Standard Time","cityName":"Lagos"},
{"timeZoneName":"Africa/Libreville","formattedTimeZoneWithOffset":"UTC +01:00 West Africa Standard Time - Libreville","offset":60,"offsetNameShort":"GMT+1","offsetNameLong":"West Africa Standard Time","cityName":"Libreville"},
{"timeZoneName":"Africa/Luanda","formattedTimeZoneWithOffset":"UTC +01:00 West Africa Standard Time - Luanda","offset":60,"offsetNameShort":"GMT+1","offsetNameLong":"West Africa Standard Time","cityName":"Luanda"},
{"timeZoneName":"Africa/Malabo","formattedTimeZoneWithOffset":"UTC +01:00 West Africa Standard Time - Malabo","offset":60,"offsetNameShort":"GMT+1","offsetNameLong":"West Africa Standard Time","cityName":"Malabo"},
{"timeZoneName":"Africa/Ndjamena","formattedTimeZoneWithOffset":"UTC +01:00 West Africa Standard Time - Ndjamena","offset":60,"offsetNameShort":"GMT+1","offsetNameLong":"West Africa Standard Time","cityName":"Ndjamena"},
{"timeZoneName":"Africa/Niamey","formattedTimeZoneWithOffset":"UTC +01:00 West Africa Standard Time - Niamey","offset":60,"offsetNameShort":"GMT+1","offsetNameLong":"West Africa Standard Time","cityName":"Niamey"},
{"timeZoneName":"Africa/Porto-Novo","formattedTimeZoneWithOffset":"UTC +01:00 West Africa Standard Time - Porto-Novo","offset":60,"offsetNameShort":"GMT+1","offsetNameLong":"West Africa Standard Time","cityName":"Porto-Novo"},
{"timeZoneName":"Atlantic/Canary","formattedTimeZoneWithOffset":"UTC +01:00 Western European Summer Time - Canary","offset":60,"offsetNameShort":"GMT+1","offsetNameLong":"Western European Summer Time","cityName":"Canary"},
{"timeZoneName":"Atlantic/Faroe","formattedTimeZoneWithOffset":"UTC +01:00 Western European Summer Time - Faroe","offset":60,"offsetNameShort":"GMT+1","offsetNameLong":"Western European Summer Time","cityName":"Faroe"},
{"timeZoneName":"Europe/Lisbon","formattedTimeZoneWithOffset":"UTC +01:00 Western European Summer Time - Lisbon","offset":60,"offsetNameShort":"GMT+1","offsetNameLong":"Western European Summer Time","cityName":"Lisbon"},
{"timeZoneName":"Atlantic/Madeira","formattedTimeZoneWithOffset":"UTC +01:00 Western European Summer Time - Madeira","offset":60,"offsetNameShort":"GMT+1","offsetNameLong":"Western European Summer Time","cityName":"Madeira"},
{"timeZoneName":"Africa/Blantyre","formattedTimeZoneWithOffset":"UTC +02:00 Central Africa Time - Blantyre","offset":120,"offsetNameShort":"GMT+2","offsetNameLong":"Central Africa Time","cityName":"Blantyre"},
{"timeZoneName":"Africa/Bujumbura","formattedTimeZoneWithOffset":"UTC +02:00 Central Africa Time - Bujumbura","offset":120,"offsetNameShort":"GMT+2","offsetNameLong":"Central Africa Time","cityName":"Bujumbura"},
{"timeZoneName":"Africa/Gaborone","formattedTimeZoneWithOffset":"UTC +02:00 Central Africa Time - Gaborone","offset":120,"offsetNameShort":"GMT+2","offsetNameLong":"Central Africa Time","cityName":"Gaborone"},
{"timeZoneName":"Africa/Harare","formattedTimeZoneWithOffset":"UTC +02:00 Central Africa Time - Harare","offset":120,"offsetNameShort":"GMT+2","offsetNameLong":"Central Africa Time","cityName":"Harare"},
{"timeZoneName":"Africa/Khartoum","formattedTimeZoneWithOffset":"UTC +02:00 Central Africa Time - Khartoum","offset":120,"offsetNameShort":"GMT+2","offsetNameLong":"Central Africa Time","cityName":"Khartoum"},
{"timeZoneName":"Africa/Kigali","formattedTimeZoneWithOffset":"UTC +02:00 Central Africa Time - Kigali","offset":120,"offsetNameShort":"GMT+2","offsetNameLong":"Central Africa Time","cityName":"Kigali"},
{"timeZoneName":"Africa/Lubumbashi","formattedTimeZoneWithOffset":"UTC +02:00 Central Africa Time - Lubumbashi","offset":120,"offsetNameShort":"GMT+2","offsetNameLong":"Central Africa Time","cityName":"Lubumbashi"},
{"timeZoneName":"Africa/Lusaka","formattedTimeZoneWithOffset":"UTC +02:00 Central Africa Time - Lusaka","offset":120,"offsetNameShort":"GMT+2","offsetNameLong":"Central Africa Time","cityName":"Lusaka"},
{"timeZoneName":"Africa/Maputo","formattedTimeZoneWithOffset":"UTC +02:00 Central Africa Time - Maputo","offset":120,"offsetNameShort":"GMT+2","offsetNameLong":"Central Africa Time","cityName":"Maputo"},
{"timeZoneName":"Africa/Windhoek","formattedTimeZoneWithOffset":"UTC +02:00 Central Africa Time - Windhoek","offset":120,"offsetNameShort":"GMT+2","offsetNameLong":"Central Africa Time","cityName":"Windhoek"},
{"timeZoneName":"Europe/Amsterdam","formattedTimeZoneWithOffset":"UTC +02:00 Central European Summer Time - Amsterdam","offset":120,"offsetNameShort":"GMT+2","offsetNameLong":"Central European Summer Time","cityName":"Amsterdam"},
{"timeZoneName":"Europe/Andorra","formattedTimeZoneWithOffset":"UTC +02:00 Central European Summer Time - Andorra","offset":120,"offsetNameShort":"GMT+2","offsetNameLong":"Central European Summer Time","cityName":"Andorra"},
{"timeZoneName":"Europe/Belgrade","formattedTimeZoneWithOffset":"UTC +02:00 Central European Summer Time - Belgrade","offset":120,"offsetNameShort":"GMT+2","offsetNameLong":"Central European Summer Time","cityName":"Belgrade"},
{"timeZoneName":"Europe/Berlin","formattedTimeZoneWithOffset":"UTC +02:00 Central European Summer Time - Berlin","offset":120,"offsetNameShort":"GMT+2","offsetNameLong":"Central European Summer Time","cityName":"Berlin"},
{"timeZoneName":"Europe/Bratislava","formattedTimeZoneWithOffset":"UTC +02:00 Central European Summer Time - Bratislava","offset":120,"offsetNameShort":"GMT+2","offsetNameLong":"Central European Summer Time","cityName":"Bratislava"},
{"timeZoneName":"Europe/Brussels","formattedTimeZoneWithOffset":"UTC +02:00 Central European Summer Time - Brussels","offset":120,"offsetNameShort":"GMT+2","offsetNameLong":"Central European Summer Time","cityName":"Brussels"},
{"timeZoneName":"Europe/Budapest","formattedTimeZoneWithOffset":"UTC +02:00 Central European Summer Time - Budapest","offset":120,"offsetNameShort":"GMT+2","offsetNameLong":"Central European Summer Time","cityName":"Budapest"},
{"timeZoneName":"Europe/Busingen","formattedTimeZoneWithOffset":"UTC +02:00 Central European Summer Time - Busingen","offset":120,"offsetNameShort":"GMT+2","offsetNameLong":"Central European Summer Time","cityName":"Busingen"},
{"timeZoneName":"Africa/Ceuta","formattedTimeZoneWithOffset":"UTC +02:00 Central European Summer Time - Ceuta","offset":120,"offsetNameShort":"GMT+2","offsetNameLong":"Central European Summer Time","cityName":"Ceuta"},
{"timeZoneName":"Europe/Copenhagen","formattedTimeZoneWithOffset":"UTC +02:00 Central European Summer Time - Copenhagen","offset":120,"offsetNameShort":"GMT+2","offsetNameLong":"Central European Summer Time","cityName":"Copenhagen"},
{"timeZoneName":"Europe/Gibraltar","formattedTimeZoneWithOffset":"UTC +02:00 Central European Summer Time - Gibraltar","offset":120,"offsetNameShort":"GMT+2","offsetNameLong":"Central European Summer Time","cityName":"Gibraltar"},
{"timeZoneName":"Europe/Ljubljana","formattedTimeZoneWithOffset":"UTC +02:00 Central European Summer Time - Ljubljana","offset":120,"offsetNameShort":"GMT+2","offsetNameLong":"Central European Summer Time","cityName":"Ljubljana"},
{"timeZoneName":"Arctic/Longyearbyen","formattedTimeZoneWithOffset":"UTC +02:00 Central European Summer Time - Longyearbyen","offset":120,"offsetNameShort":"GMT+2","offsetNameLong":"Central European Summer Time","cityName":"Longyearbyen"},
{"timeZoneName":"Europe/Luxembourg","formattedTimeZoneWithOffset":"UTC +02:00 Central European Summer Time - Luxembourg","offset":120,"offsetNameShort":"GMT+2","offsetNameLong":"Central European Summer Time","cityName":"Luxembourg"},
{"timeZoneName":"Europe/Madrid","formattedTimeZoneWithOffset":"UTC +02:00 Central European Summer Time - Madrid","offset":120,"offsetNameShort":"GMT+2","offsetNameLong":"Central European Summer Time","cityName":"Madrid"},
{"timeZoneName":"Europe/Malta","formattedTimeZoneWithOffset":"UTC +02:00 Central European Summer Time - Malta","offset":120,"offsetNameShort":"GMT+2","offsetNameLong":"Central European Summer Time","cityName":"Malta"},
{"timeZoneName":"Europe/Monaco","formattedTimeZoneWithOffset":"UTC +02:00 Central European Summer Time - Monaco","offset":120,"offsetNameShort":"GMT+2","offsetNameLong":"Central European Summer Time","cityName":"Monaco"},
{"timeZoneName":"Europe/Oslo","formattedTimeZoneWithOffset":"UTC +02:00 Central European Summer Time - Oslo","offset":120,"offsetNameShort":"GMT+2","offsetNameLong":"Central European Summer Time","cityName":"Oslo"},
{"timeZoneName":"Europe/Paris","formattedTimeZoneWithOffset":"UTC +02:00 Central European Summer Time - Paris","offset":120,"offsetNameShort":"GMT+2","offsetNameLong":"Central European Summer Time","cityName":"Paris"},
{"timeZoneName":"Europe/Podgorica","formattedTimeZoneWithOffset":"UTC +02:00 Central European Summer Time - Podgorica","offset":120,"offsetNameShort":"GMT+2","offsetNameLong":"Central European Summer Time","cityName":"Podgorica"},
{"timeZoneName":"Europe/Prague","formattedTimeZoneWithOffset":"UTC +02:00 Central European Summer Time - Prague","offset":120,"offsetNameShort":"GMT+2","offsetNameLong":"Central European Summer Time","cityName":"Prague"},
{"timeZoneName":"Europe/Rome","formattedTimeZoneWithOffset":"UTC +02:00 Central European Summer Time - Rome","offset":120,"offsetNameShort":"GMT+2","offsetNameLong":"Central European Summer Time","cityName":"Rome"},
{"timeZoneName":"Europe/San_Marino","formattedTimeZoneWithOffset":"UTC +02:00 Central European Summer Time - San Marino","offset":120,"offsetNameShort":"GMT+2","offsetNameLong":"Central European Summer Time","cityName":"San Marino"},
{"timeZoneName":"Europe/Sarajevo","formattedTimeZoneWithOffset":"UTC +02:00 Central European Summer Time - Sarajevo","offset":120,"offsetNameShort":"GMT+2","offsetNameLong":"Central European Summer Time","cityName":"Sarajevo"},
{"timeZoneName":"Europe/Skopje","formattedTimeZoneWithOffset":"UTC +02:00 Central European Summer Time - Skopje","offset":120,"offsetNameShort":"GMT+2","offsetNameLong":"Central European Summer Time","cityName":"Skopje"},
{"timeZoneName":"Europe/Stockholm","formattedTimeZoneWithOffset":"UTC +02:00 Central European Summer Time - Stockholm","offset":120,"offsetNameShort":"GMT+2","offsetNameLong":"Central European Summer Time","cityName":"Stockholm"},
{"timeZoneName":"Europe/Tirane","formattedTimeZoneWithOffset":"UTC +02:00 Central European Summer Time - Tirane","offset":120,"offsetNameShort":"GMT+2","offsetNameLong":"Central European Summer Time","cityName":"Tirane"},
{"timeZoneName":"Europe/Vaduz","formattedTimeZoneWithOffset":"UTC +02:00 Central European Summer Time - Vaduz","offset":120,"offsetNameShort":"GMT+2","offsetNameLong":"Central European Summer Time","cityName":"Vaduz"},
{"timeZoneName":"Europe/Vatican","formattedTimeZoneWithOffset":"UTC +02:00 Central European Summer Time - Vatican","offset":120,"offsetNameShort":"GMT+2","offsetNameLong":"Central European Summer Time","cityName":"Vatican"},
{"timeZoneName":"Europe/Vienna","formattedTimeZoneWithOffset":"UTC +02:00 Central European Summer Time - Vienna","offset":120,"offsetNameShort":"GMT+2","offsetNameLong":"Central European Summer Time","cityName":"Vienna"},
{"timeZoneName":"Europe/Warsaw","formattedTimeZoneWithOffset":"UTC +02:00 Central European Summer Time - Warsaw","offset":120,"offsetNameShort":"GMT+2","offsetNameLong":"Central European Summer Time","cityName":"Warsaw"},
{"timeZoneName":"Europe/Zagreb","formattedTimeZoneWithOffset":"UTC +02:00 Central European Summer Time - Zagreb","offset":120,"offsetNameShort":"GMT+2","offsetNameLong":"Central European Summer Time","cityName":"Zagreb"},
{"timeZoneName":"Europe/Zurich","formattedTimeZoneWithOffset":"UTC +02:00 Central European Summer Time - Zurich","offset":120,"offsetNameShort":"GMT+2","offsetNameLong":"Central European Summer Time","cityName":"Zurich"},
{"timeZoneName":"Africa/Cairo","formattedTimeZoneWithOffset":"UTC +02:00 Eastern European Standard Time - Cairo","offset":120,"offsetNameShort":"GMT+2","offsetNameLong":"Eastern European Standard Time","cityName":"Cairo"},
{"timeZoneName":"Europe/Kaliningrad","formattedTimeZoneWithOffset":"UTC +02:00 Eastern European Standard Time - Kaliningrad","offset":120,"offsetNameShort":"GMT+2","offsetNameLong":"Eastern European Standard Time","cityName":"Kaliningrad"},
{"timeZoneName":"Africa/Tripoli","formattedTimeZoneWithOffset":"UTC +02:00 Eastern European Standard Time - Tripoli","offset":120,"offsetNameShort":"GMT+2","offsetNameLong":"Eastern European Standard Time","cityName":"Tripoli"},
{"timeZoneName":"Antarctica/Troll","formattedTimeZoneWithOffset":"UTC +02:00 GMT+02:00 - Troll","offset":120,"offsetNameShort":"GMT+2","offsetNameLong":"GMT+02:00","cityName":"Troll"},
{"timeZoneName":"Africa/Johannesburg","formattedTimeZoneWithOffset":"UTC +02:00 South Africa Standard Time - Johannesburg","offset":120,"offsetNameShort":"GMT+2","offsetNameLong":"South Africa Standard Time","cityName":"Johannesburg"},
{"timeZoneName":"Africa/Maseru","formattedTimeZoneWithOffset":"UTC +02:00 South Africa Standard Time - Maseru","offset":120,"offsetNameShort":"GMT+2","offsetNameLong":"South Africa Standard Time","cityName":"Maseru"},
{"timeZoneName":"Africa/Mbabane","formattedTimeZoneWithOffset":"UTC +02:00 South Africa Standard Time - Mbabane","offset":120,"offsetNameShort":"GMT+2","offsetNameLong":"South Africa Standard Time","cityName":"Mbabane"},
{"timeZoneName":"Asia/Aden","formattedTimeZoneWithOffset":"UTC +03:00 Arabian Standard Time - Aden","offset":180,"offsetNameShort":"GMT+3","offsetNameLong":"Arabian Standard Time","cityName":"Aden"},
{"timeZoneName":"Asia/Baghdad","formattedTimeZoneWithOffset":"UTC +03:00 Arabian Standard Time - Baghdad","offset":180,"offsetNameShort":"GMT+3","offsetNameLong":"Arabian Standard Time","cityName":"Baghdad"},
{"timeZoneName":"Asia/Bahrain","formattedTimeZoneWithOffset":"UTC +03:00 Arabian Standard Time - Bahrain","offset":180,"offsetNameShort":"GMT+3","offsetNameLong":"Arabian Standard Time","cityName":"Bahrain"},
{"timeZoneName":"Asia/Kuwait","formattedTimeZoneWithOffset":"UTC +03:00 Arabian Standard Time - Kuwait","offset":180,"offsetNameShort":"GMT+3","offsetNameLong":"Arabian Standard Time","cityName":"Kuwait"},
{"timeZoneName":"Asia/Qatar","formattedTimeZoneWithOffset":"UTC +03:00 Arabian Standard Time - Qatar","offset":180,"offsetNameShort":"GMT+3","offsetNameLong":"Arabian Standard Time","cityName":"Qatar"},
{"timeZoneName":"Asia/Riyadh","formattedTimeZoneWithOffset":"UTC +03:00 Arabian Standard Time - Riyadh","offset":180,"offsetNameShort":"GMT+3","offsetNameLong":"Arabian Standard Time","cityName":"Riyadh"},
{"timeZoneName":"Africa/Addis_Ababa","formattedTimeZoneWithOffset":"UTC +03:00 East Africa Time - Addis Ababa","offset":180,"offsetNameShort":"GMT+3","offsetNameLong":"East Africa Time","cityName":"Addis Ababa"},
{"timeZoneName":"Indian/Antananarivo","formattedTimeZoneWithOffset":"UTC +03:00 East Africa Time - Antananarivo","offset":180,"offsetNameShort":"GMT+3","offsetNameLong":"East Africa Time","cityName":"Antananarivo"},
{"timeZoneName":"Africa/Asmara","formattedTimeZoneWithOffset":"UTC +03:00 East Africa Time - Asmara","offset":180,"offsetNameShort":"GMT+3","offsetNameLong":"East Africa Time","cityName":"Asmara"},
{"timeZoneName":"Indian/Comoro","formattedTimeZoneWithOffset":"UTC +03:00 East Africa Time - Comoro","offset":180,"offsetNameShort":"GMT+3","offsetNameLong":"East Africa Time","cityName":"Comoro"},
{"timeZoneName":"Africa/Dar_es_Salaam","formattedTimeZoneWithOffset":"UTC +03:00 East Africa Time - Dar es Salaam","offset":180,"offsetNameShort":"GMT+3","offsetNameLong":"East Africa Time","cityName":"Dar es Salaam"},
{"timeZoneName":"Africa/Djibouti","formattedTimeZoneWithOffset":"UTC +03:00 East Africa Time - Djibouti","offset":180,"offsetNameShort":"GMT+3","offsetNameLong":"East Africa Time","cityName":"Djibouti"},
{"timeZoneName":"Africa/Juba","formattedTimeZoneWithOffset":"UTC +03:00 East Africa Time - Juba","offset":180,"offsetNameShort":"GMT+3","offsetNameLong":"East Africa Time","cityName":"Juba"},
{"timeZoneName":"Africa/Kampala","formattedTimeZoneWithOffset":"UTC +03:00 East Africa Time - Kampala","offset":180,"offsetNameShort":"GMT+3","offsetNameLong":"East Africa Time","cityName":"Kampala"},
{"timeZoneName":"Indian/Mayotte","formattedTimeZoneWithOffset":"UTC +03:00 East Africa Time - Mayotte","offset":180,"offsetNameShort":"GMT+3","offsetNameLong":"East Africa Time","cityName":"Mayotte"},
{"timeZoneName":"Africa/Mogadishu","formattedTimeZoneWithOffset":"UTC +03:00 East Africa Time - Mogadishu","offset":180,"offsetNameShort":"GMT+3","offsetNameLong":"East Africa Time","cityName":"Mogadishu"},
{"timeZoneName":"Africa/Nairobi","formattedTimeZoneWithOffset":"UTC +03:00 East Africa Time - Nairobi","offset":180,"offsetNameShort":"GMT+3","offsetNameLong":"East Africa Time","cityName":"Nairobi"},
{"timeZoneName":"Asia/Amman","formattedTimeZoneWithOffset":"UTC +03:00 Eastern European Summer Time - Amman","offset":180,"offsetNameShort":"GMT+3","offsetNameLong":"Eastern European Summer Time","cityName":"Amman"},
{"timeZoneName":"Europe/Athens","formattedTimeZoneWithOffset":"UTC +03:00 Eastern European Summer Time - Athens","offset":180,"offsetNameShort":"GMT+3","offsetNameLong":"Eastern European Summer Time","cityName":"Athens"},
{"timeZoneName":"Asia/Beirut","formattedTimeZoneWithOffset":"UTC +03:00 Eastern European Summer Time - Beirut","offset":180,"offsetNameShort":"GMT+3","offsetNameLong":"Eastern European Summer Time","cityName":"Beirut"},
{"timeZoneName":"Europe/Bucharest","formattedTimeZoneWithOffset":"UTC +03:00 Eastern European Summer Time - Bucharest","offset":180,"offsetNameShort":"GMT+3","offsetNameLong":"Eastern European Summer Time","cityName":"Bucharest"},
{"timeZoneName":"Europe/Chisinau","formattedTimeZoneWithOffset":"UTC +03:00 Eastern European Summer Time - Chisinau","offset":180,"offsetNameShort":"GMT+3","offsetNameLong":"Eastern European Summer Time","cityName":"Chisinau"},
{"timeZoneName":"Asia/Damascus","formattedTimeZoneWithOffset":"UTC +03:00 Eastern European Summer Time - Damascus","offset":180,"offsetNameShort":"GMT+3","offsetNameLong":"Eastern European Summer Time","cityName":"Damascus"},
{"timeZoneName":"Asia/Gaza","formattedTimeZoneWithOffset":"UTC +03:00 Eastern European Summer Time - Gaza","offset":180,"offsetNameShort":"GMT+3","offsetNameLong":"Eastern European Summer Time","cityName":"Gaza"},
{"timeZoneName":"Asia/Hebron","formattedTimeZoneWithOffset":"UTC +03:00 Eastern European Summer Time - Hebron","offset":180,"offsetNameShort":"GMT+3","offsetNameLong":"Eastern European Summer Time","cityName":"Hebron"},
{"timeZoneName":"Europe/Helsinki","formattedTimeZoneWithOffset":"UTC +03:00 Eastern European Summer Time - Helsinki","offset":180,"offsetNameShort":"GMT+3","offsetNameLong":"Eastern European Summer Time","cityName":"Helsinki"},
{"timeZoneName":"Europe/Kiev","formattedTimeZoneWithOffset":"UTC +03:00 Eastern European Summer Time - Kiev","offset":180,"offsetNameShort":"GMT+3","offsetNameLong":"Eastern European Summer Time","cityName":"Kiev"},
{"timeZoneName":"Europe/Mariehamn","formattedTimeZoneWithOffset":"UTC +03:00 Eastern European Summer Time - Mariehamn","offset":180,"offsetNameShort":"GMT+3","offsetNameLong":"Eastern European Summer Time","cityName":"Mariehamn"},
{"timeZoneName":"Asia/Nicosia","formattedTimeZoneWithOffset":"UTC +03:00 Eastern European Summer Time - Nicosia","offset":180,"offsetNameShort":"GMT+3","offsetNameLong":"Eastern European Summer Time","cityName":"Nicosia"},
{"timeZoneName":"Europe/Riga","formattedTimeZoneWithOffset":"UTC +03:00 Eastern European Summer Time - Riga","offset":180,"offsetNameShort":"GMT+3","offsetNameLong":"Eastern European Summer Time","cityName":"Riga"},
{"timeZoneName":"Europe/Sofia","formattedTimeZoneWithOffset":"UTC +03:00 Eastern European Summer Time - Sofia","offset":180,"offsetNameShort":"GMT+3","offsetNameLong":"Eastern European Summer Time","cityName":"Sofia"},
{"timeZoneName":"Europe/Tallinn","formattedTimeZoneWithOffset":"UTC +03:00 Eastern European Summer Time - Tallinn","offset":180,"offsetNameShort":"GMT+3","offsetNameLong":"Eastern European Summer Time","cityName":"Tallinn"},
{"timeZoneName":"Europe/Uzhgorod","formattedTimeZoneWithOffset":"UTC +03:00 Eastern European Summer Time - Uzhgorod","offset":180,"offsetNameShort":"GMT+3","offsetNameLong":"Eastern European Summer Time","cityName":"Uzhgorod"},
{"timeZoneName":"Europe/Vilnius","formattedTimeZoneWithOffset":"UTC +03:00 Eastern European Summer Time - Vilnius","offset":180,"offsetNameShort":"GMT+3","offsetNameLong":"Eastern European Summer Time","cityName":"Vilnius"},
{"timeZoneName":"Europe/Zaporozhye","formattedTimeZoneWithOffset":"UTC +03:00 Eastern European Summer Time - Zaporozhye","offset":180,"offsetNameShort":"GMT+3","offsetNameLong":"Eastern European Summer Time","cityName":"Zaporozhye"},
{"timeZoneName":"Asia/Famagusta","formattedTimeZoneWithOffset":"UTC +03:00 GMT+03:00 - Famagusta","offset":180,"offsetNameShort":"GMT+3","offsetNameLong":"GMT+03:00","cityName":"Famagusta"},
{"timeZoneName":"Europe/Istanbul","formattedTimeZoneWithOffset":"UTC +03:00 GMT+03:00 - Istanbul","offset":180,"offsetNameShort":"GMT+3","offsetNameLong":"GMT+03:00","cityName":"Istanbul"},
{"timeZoneName":"Europe/Kirov","formattedTimeZoneWithOffset":"UTC +03:00 GMT+03:00 - Kirov","offset":180,"offsetNameShort":"GMT+3","offsetNameLong":"GMT+03:00","cityName":"Kirov"},
{"timeZoneName":"Asia/Jerusalem","formattedTimeZoneWithOffset":"UTC +03:00 Israel Daylight Time - Jerusalem","offset":180,"offsetNameShort":"GMT+3","offsetNameLong":"Israel Daylight Time","cityName":"Jerusalem"},
{"timeZoneName":"Europe/Minsk","formattedTimeZoneWithOffset":"UTC +03:00 Moscow Standard Time - Minsk","offset":180,"offsetNameShort":"GMT+3","offsetNameLong":"Moscow Standard Time","cityName":"Minsk"},
{"timeZoneName":"Europe/Moscow","formattedTimeZoneWithOffset":"UTC +03:00 Moscow Standard Time - Moscow","offset":180,"offsetNameShort":"GMT+3","offsetNameLong":"Moscow Standard Time","cityName":"Moscow"},
{"timeZoneName":"Europe/Simferopol","formattedTimeZoneWithOffset":"UTC +03:00 Moscow Standard Time - Simferopol","offset":180,"offsetNameShort":"GMT+3","offsetNameLong":"Moscow Standard Time","cityName":"Simferopol"},
{"timeZoneName":"Antarctica/Syowa","formattedTimeZoneWithOffset":"UTC +03:00 Syowa Time - Syowa","offset":180,"offsetNameShort":"GMT+3","offsetNameLong":"Syowa Time","cityName":"Syowa"},
{"timeZoneName":"Asia/Yerevan","formattedTimeZoneWithOffset":"UTC +04:00 Armenia Standard Time - Yerevan","offset":240,"offsetNameShort":"GMT+4","offsetNameLong":"Armenia Standard Time","cityName":"Yerevan"},
{"timeZoneName":"Asia/Baku","formattedTimeZoneWithOffset":"UTC +04:00 Azerbaijan Standard Time - Baku","offset":240,"offsetNameShort":"GMT+4","offsetNameLong":"Azerbaijan Standard Time","cityName":"Baku"},
{"timeZoneName":"Europe/Astrakhan","formattedTimeZoneWithOffset":"UTC +04:00 GMT+04:00 - Astrakhan","offset":240,"offsetNameShort":"GMT+4","offsetNameLong":"GMT+04:00","cityName":"Astrakhan"},
{"timeZoneName":"Europe/Saratov","formattedTimeZoneWithOffset":"UTC +04:00 GMT+04:00 - Saratov","offset":240,"offsetNameShort":"GMT+4","offsetNameLong":"GMT+04:00","cityName":"Saratov"},
{"timeZoneName":"Europe/Ulyanovsk","formattedTimeZoneWithOffset":"UTC +04:00 GMT+04:00 - Ulyanovsk","offset":240,"offsetNameShort":"GMT+4","offsetNameLong":"GMT+04:00","cityName":"Ulyanovsk"},
{"timeZoneName":"Asia/Tbilisi","formattedTimeZoneWithOffset":"UTC +04:00 Georgia Standard Time - Tbilisi","offset":240,"offsetNameShort":"GMT+4","offsetNameLong":"Georgia Standard Time","cityName":"Tbilisi"},
{"timeZoneName":"Asia/Dubai","formattedTimeZoneWithOffset":"UTC +04:00 Gulf Standard Time - Dubai","offset":240,"offsetNameShort":"GMT+4","offsetNameLong":"Gulf Standard Time","cityName":"Dubai"},
{"timeZoneName":"Asia/Muscat","formattedTimeZoneWithOffset":"UTC +04:00 Gulf Standard Time - Muscat","offset":240,"offsetNameShort":"GMT+4","offsetNameLong":"Gulf Standard Time","cityName":"Muscat"},
{"timeZoneName":"Indian/Mauritius","formattedTimeZoneWithOffset":"UTC +04:00 Mauritius Standard Time - Mauritius","offset":240,"offsetNameShort":"GMT+4","offsetNameLong":"Mauritius Standard Time","cityName":"Mauritius"},
{"timeZoneName":"Indian/Reunion","formattedTimeZoneWithOffset":"UTC +04:00 Runion Time - Reunion","offset":240,"offsetNameShort":"GMT+4","offsetNameLong":"Runion Time","cityName":"Reunion"},
{"timeZoneName":"Europe/Samara","formattedTimeZoneWithOffset":"UTC +04:00 Samara Standard Time - Samara","offset":240,"offsetNameShort":"GMT+4","offsetNameLong":"Samara Standard Time","cityName":"Samara"},
{"timeZoneName":"Indian/Mahe","formattedTimeZoneWithOffset":"UTC +04:00 Seychelles Time - Mahe","offset":240,"offsetNameShort":"GMT+4","offsetNameLong":"Seychelles Time","cityName":"Mahe"},
{"timeZoneName":"Europe/Volgograd","formattedTimeZoneWithOffset":"UTC +04:00 Volgograd Standard Time - Volgograd","offset":240,"offsetNameShort":"GMT+4","offsetNameLong":"Volgograd Standard Time","cityName":"Volgograd"},
{"timeZoneName":"Asia/Kabul","formattedTimeZoneWithOffset":"UTC +04:30 Afghanistan Time - Kabul","offset":270,"offsetNameShort":"GMT+4:30","offsetNameLong":"Afghanistan Time","cityName":"Kabul"},
{"timeZoneName":"Asia/Tehran","formattedTimeZoneWithOffset":"UTC +04:30 Iran Daylight Time - Tehran","offset":270,"offsetNameShort":"GMT+4:30","offsetNameLong":"Iran Daylight Time","cityName":"Tehran"},
{"timeZoneName":"Indian/Kerguelen","formattedTimeZoneWithOffset":"UTC +05:00 French Southern & Antarctic Time - Kerguelen","offset":300,"offsetNameShort":"GMT+5","offsetNameLong":"French Southern & Antarctic Time","cityName":"Kerguelen"},
{"timeZoneName":"Indian/Maldives","formattedTimeZoneWithOffset":"UTC +05:00 Maldives Time - Maldives","offset":300,"offsetNameShort":"GMT+5","offsetNameLong":"Maldives Time","cityName":"Maldives"},
{"timeZoneName":"Antarctica/Mawson","formattedTimeZoneWithOffset":"UTC +05:00 Mawson Time - Mawson","offset":300,"offsetNameShort":"GMT+5","offsetNameLong":"Mawson Time","cityName":"Mawson"},
{"timeZoneName":"Asia/Karachi","formattedTimeZoneWithOffset":"UTC +05:00 Pakistan Standard Time - Karachi","offset":300,"offsetNameShort":"GMT+5","offsetNameLong":"Pakistan Standard Time","cityName":"Karachi"},
{"timeZoneName":"Asia/Dushanbe","formattedTimeZoneWithOffset":"UTC +05:00 Tajikistan Time - Dushanbe","offset":300,"offsetNameShort":"GMT+5","offsetNameLong":"Tajikistan Time","cityName":"Dushanbe"},
{"timeZoneName":"Asia/Ashgabat","formattedTimeZoneWithOffset":"UTC +05:00 Turkmenistan Standard Time - Ashgabat","offset":300,"offsetNameShort":"GMT+5","offsetNameLong":"Turkmenistan Standard Time","cityName":"Ashgabat"},
{"timeZoneName":"Asia/Samarkand","formattedTimeZoneWithOffset":"UTC +05:00 Uzbekistan Standard Time - Samarkand","offset":300,"offsetNameShort":"GMT+5","offsetNameLong":"Uzbekistan Standard Time","cityName":"Samarkand"},
{"timeZoneName":"Asia/Tashkent","formattedTimeZoneWithOffset":"UTC +05:00 Uzbekistan Standard Time - Tashkent","offset":300,"offsetNameShort":"GMT+5","offsetNameLong":"Uzbekistan Standard Time","cityName":"Tashkent"},
{"timeZoneName":"Asia/Aqtau","formattedTimeZoneWithOffset":"UTC +05:00 West Kazakhstan Time - Aqtau","offset":300,"offsetNameShort":"GMT+5","offsetNameLong":"West Kazakhstan Time","cityName":"Aqtau"},
{"timeZoneName":"Asia/Aqtobe","formattedTimeZoneWithOffset":"UTC +05:00 West Kazakhstan Time - Aqtobe","offset":300,"offsetNameShort":"GMT+5","offsetNameLong":"West Kazakhstan Time","cityName":"Aqtobe"},
{"timeZoneName":"Asia/Atyrau","formattedTimeZoneWithOffset":"UTC +05:00 West Kazakhstan Time - Atyrau","offset":300,"offsetNameShort":"GMT+5","offsetNameLong":"West Kazakhstan Time","cityName":"Atyrau"},
{"timeZoneName":"Asia/Oral","formattedTimeZoneWithOffset":"UTC +05:00 West Kazakhstan Time - Oral","offset":300,"offsetNameShort":"GMT+5","offsetNameLong":"West Kazakhstan Time","cityName":"Oral"},
{"timeZoneName":"Asia/Qyzylorda","formattedTimeZoneWithOffset":"UTC +05:00 West Kazakhstan Time - Qyzylorda","offset":300,"offsetNameShort":"GMT+5","offsetNameLong":"West Kazakhstan Time","cityName":"Qyzylorda"},
{"timeZoneName":"Asia/Yekaterinburg","formattedTimeZoneWithOffset":"UTC +05:00 Yekaterinburg Standard Time - Yekaterinburg","offset":300,"offsetNameShort":"GMT+5","offsetNameLong":"Yekaterinburg Standard Time","cityName":"Yekaterinburg"},
{"timeZoneName":"Asia/Colombo","formattedTimeZoneWithOffset":"UTC +05:30 India Standard Time - Colombo","offset":330,"offsetNameShort":"GMT+5:30","offsetNameLong":"India Standard Time","cityName":"Colombo"},
{"timeZoneName":"Asia/Kolkata","formattedTimeZoneWithOffset":"UTC +05:30 India Standard Time - Kolkata","offset":330,"offsetNameShort":"GMT+5:30","offsetNameLong":"India Standard Time","cityName":"Kolkata"},
{"timeZoneName":"Asia/Kathmandu","formattedTimeZoneWithOffset":"UTC +05:45 Nepal Time - Kathmandu","offset":345,"offsetNameShort":"GMT+5:45","offsetNameLong":"Nepal Time","cityName":"Kathmandu"},
{"timeZoneName":"Asia/Dhaka","formattedTimeZoneWithOffset":"UTC +06:00 Bangladesh Standard Time - Dhaka","offset":360,"offsetNameShort":"GMT+6","offsetNameLong":"Bangladesh Standard Time","cityName":"Dhaka"},
{"timeZoneName":"Asia/Thimphu","formattedTimeZoneWithOffset":"UTC +06:00 Bhutan Time - Thimphu","offset":360,"offsetNameShort":"GMT+6","offsetNameLong":"Bhutan Time","cityName":"Thimphu"},
{"timeZoneName":"Asia/Almaty","formattedTimeZoneWithOffset":"UTC +06:00 East Kazakhstan Time - Almaty","offset":360,"offsetNameShort":"GMT+6","offsetNameLong":"East Kazakhstan Time","cityName":"Almaty"},
{"timeZoneName":"Asia/Qostanay","formattedTimeZoneWithOffset":"UTC +06:00 East Kazakhstan Time - Qostanay","offset":360,"offsetNameShort":"GMT+6","offsetNameLong":"East Kazakhstan Time","cityName":"Qostanay"},
{"timeZoneName":"Asia/Urumqi","formattedTimeZoneWithOffset":"UTC +06:00 GMT+06:00 - Urumqi","offset":360,"offsetNameShort":"GMT+6","offsetNameLong":"GMT+06:00","cityName":"Urumqi"},
{"timeZoneName":"Indian/Chagos","formattedTimeZoneWithOffset":"UTC +06:00 Indian Ocean Time - Chagos","offset":360,"offsetNameShort":"GMT+6","offsetNameLong":"Indian Ocean Time","cityName":"Chagos"},
{"timeZoneName":"Asia/Bishkek","formattedTimeZoneWithOffset":"UTC +06:00 Kyrgyzstan Time - Bishkek","offset":360,"offsetNameShort":"GMT+6","offsetNameLong":"Kyrgyzstan Time","cityName":"Bishkek"},
{"timeZoneName":"Asia/Omsk","formattedTimeZoneWithOffset":"UTC +06:00 Omsk Standard Time - Omsk","offset":360,"offsetNameShort":"GMT+6","offsetNameLong":"Omsk Standard Time","cityName":"Omsk"},
{"timeZoneName":"Antarctica/Vostok","formattedTimeZoneWithOffset":"UTC +06:00 Vostok Time - Vostok","offset":360,"offsetNameShort":"GMT+6","offsetNameLong":"Vostok Time","cityName":"Vostok"},
{"timeZoneName":"Indian/Cocos","formattedTimeZoneWithOffset":"UTC +06:30 Cocos Islands Time - Cocos","offset":390,"offsetNameShort":"GMT+6:30","offsetNameLong":"Cocos Islands Time","cityName":"Cocos"},
{"timeZoneName":"Asia/Yangon","formattedTimeZoneWithOffset":"UTC +06:30 Myanmar Time - Yangon","offset":390,"offsetNameShort":"GMT+6:30","offsetNameLong":"Myanmar Time","cityName":"Yangon"},
{"timeZoneName":"Indian/Christmas","formattedTimeZoneWithOffset":"UTC +07:00 Christmas Island Time - Christmas","offset":420,"offsetNameShort":"GMT+7","offsetNameLong":"Christmas Island Time","cityName":"Christmas"},
{"timeZoneName":"Antarctica/Davis","formattedTimeZoneWithOffset":"UTC +07:00 Davis Time - Davis","offset":420,"offsetNameShort":"GMT+7","offsetNameLong":"Davis Time","cityName":"Davis"},
{"timeZoneName":"Asia/Barnaul","formattedTimeZoneWithOffset":"UTC +07:00 GMT+07:00 - Barnaul","offset":420,"offsetNameShort":"GMT+7","offsetNameLong":"GMT+07:00","cityName":"Barnaul"},
{"timeZoneName":"Asia/Tomsk","formattedTimeZoneWithOffset":"UTC +07:00 GMT+07:00 - Tomsk","offset":420,"offsetNameShort":"GMT+7","offsetNameLong":"GMT+07:00","cityName":"Tomsk"},
{"timeZoneName":"Asia/Hovd","formattedTimeZoneWithOffset":"UTC +07:00 Hovd Standard Time - Hovd","offset":420,"offsetNameShort":"GMT+7","offsetNameLong":"Hovd Standard Time","cityName":"Hovd"},
{"timeZoneName":"Asia/Bangkok","formattedTimeZoneWithOffset":"UTC +07:00 Indochina Time - Bangkok","offset":420,"offsetNameShort":"GMT+7","offsetNameLong":"Indochina Time","cityName":"Bangkok"},
{"timeZoneName":"Asia/Ho_Chi_Minh","formattedTimeZoneWithOffset":"UTC +07:00 Indochina Time - Ho Chi Minh","offset":420,"offsetNameShort":"GMT+7","offsetNameLong":"Indochina Time","cityName":"Ho Chi Minh"},
{"timeZoneName":"Asia/Phnom_Penh","formattedTimeZoneWithOffset":"UTC +07:00 Indochina Time - Phnom Penh","offset":420,"offsetNameShort":"GMT+7","offsetNameLong":"Indochina Time","cityName":"Phnom Penh"},
{"timeZoneName":"Asia/Vientiane","formattedTimeZoneWithOffset":"UTC +07:00 Indochina Time - Vientiane","offset":420,"offsetNameShort":"GMT+7","offsetNameLong":"Indochina Time","cityName":"Vientiane"},
{"timeZoneName":"Asia/Krasnoyarsk","formattedTimeZoneWithOffset":"UTC +07:00 Krasnoyarsk Standard Time - Krasnoyarsk","offset":420,"offsetNameShort":"GMT+7","offsetNameLong":"Krasnoyarsk Standard Time","cityName":"Krasnoyarsk"},
{"timeZoneName":"Asia/Novokuznetsk","formattedTimeZoneWithOffset":"UTC +07:00 Krasnoyarsk Standard Time - Novokuznetsk","offset":420,"offsetNameShort":"GMT+7","offsetNameLong":"Krasnoyarsk Standard Time","cityName":"Novokuznetsk"},
{"timeZoneName":"Asia/Novosibirsk","formattedTimeZoneWithOffset":"UTC +07:00 Novosibirsk Standard Time - Novosibirsk","offset":420,"offsetNameShort":"GMT+7","offsetNameLong":"Novosibirsk Standard Time","cityName":"Novosibirsk"},
{"timeZoneName":"Asia/Jakarta","formattedTimeZoneWithOffset":"UTC +07:00 Western Indonesia Time - Jakarta","offset":420,"offsetNameShort":"GMT+7","offsetNameLong":"Western Indonesia Time","cityName":"Jakarta"},
{"timeZoneName":"Asia/Pontianak","formattedTimeZoneWithOffset":"UTC +07:00 Western Indonesia Time - Pontianak","offset":420,"offsetNameShort":"GMT+7","offsetNameLong":"Western Indonesia Time","cityName":"Pontianak"},
{"timeZoneName":"Antarctica/Casey","formattedTimeZoneWithOffset":"UTC +08:00 Australian Western Standard Time - Casey","offset":480,"offsetNameShort":"GMT+8","offsetNameLong":"Australian Western Standard Time","cityName":"Casey"},
{"timeZoneName":"Australia/Perth","formattedTimeZoneWithOffset":"UTC +08:00 Australian Western Standard Time - Perth","offset":480,"offsetNameShort":"GMT+8","offsetNameLong":"Australian Western Standard Time","cityName":"Perth"},
{"timeZoneName":"Asia/Brunei","formattedTimeZoneWithOffset":"UTC +08:00 Brunei Darussalam Time - Brunei","offset":480,"offsetNameShort":"GMT+8","offsetNameLong":"Brunei Darussalam Time","cityName":"Brunei"},
{"timeZoneName":"Asia/Makassar","formattedTimeZoneWithOffset":"UTC +08:00 Central Indonesia Time - Makassar","offset":480,"offsetNameShort":"GMT+8","offsetNameLong":"Central Indonesia Time","cityName":"Makassar"},
{"timeZoneName":"Asia/Macau","formattedTimeZoneWithOffset":"UTC +08:00 China Standard Time - Macau","offset":480,"offsetNameShort":"GMT+8","offsetNameLong":"China Standard Time","cityName":"Macau"},
{"timeZoneName":"Asia/Shanghai","formattedTimeZoneWithOffset":"UTC +08:00 China Standard Time - Shanghai","offset":480,"offsetNameShort":"GMT+8","offsetNameLong":"China Standard Time","cityName":"Shanghai"},
{"timeZoneName":"Asia/Hong_Kong","formattedTimeZoneWithOffset":"UTC +08:00 Hong Kong Standard Time - Hong Kong","offset":480,"offsetNameShort":"GMT+8","offsetNameLong":"Hong Kong Standard Time","cityName":"Hong Kong"},
{"timeZoneName":"Asia/Irkutsk","formattedTimeZoneWithOffset":"UTC +08:00 Irkutsk Standard Time - Irkutsk","offset":480,"offsetNameShort":"GMT+8","offsetNameLong":"Irkutsk Standard Time","cityName":"Irkutsk"},
{"timeZoneName":"Asia/Kuala_Lumpur","formattedTimeZoneWithOffset":"UTC +08:00 Malaysia Time - Kuala Lumpur","offset":480,"offsetNameShort":"GMT+8","offsetNameLong":"Malaysia Time","cityName":"Kuala Lumpur"},
{"timeZoneName":"Asia/Kuching","formattedTimeZoneWithOffset":"UTC +08:00 Malaysia Time - Kuching","offset":480,"offsetNameShort":"GMT+8","offsetNameLong":"Malaysia Time","cityName":"Kuching"},
{"timeZoneName":"Asia/Manila","formattedTimeZoneWithOffset":"UTC +08:00 Philippine Standard Time - Manila","offset":480,"offsetNameShort":"GMT+8","offsetNameLong":"Philippine Standard Time","cityName":"Manila"},
{"timeZoneName":"Asia/Singapore","formattedTimeZoneWithOffset":"UTC +08:00 Singapore Standard Time - Singapore","offset":480,"offsetNameShort":"GMT+8","offsetNameLong":"Singapore Standard Time","cityName":"Singapore"},
{"timeZoneName":"Asia/Taipei","formattedTimeZoneWithOffset":"UTC +08:00 Taipei Standard Time - Taipei","offset":480,"offsetNameShort":"GMT+8","offsetNameLong":"Taipei Standard Time","cityName":"Taipei"},
{"timeZoneName":"Asia/Choibalsan","formattedTimeZoneWithOffset":"UTC +08:00 Ulaanbaatar Standard Time - Choibalsan","offset":480,"offsetNameShort":"GMT+8","offsetNameLong":"Ulaanbaatar Standard Time","cityName":"Choibalsan"},
{"timeZoneName":"Asia/Ulaanbaatar","formattedTimeZoneWithOffset":"UTC +08:00 Ulaanbaatar Standard Time - Ulaanbaatar","offset":480,"offsetNameShort":"GMT+8","offsetNameLong":"Ulaanbaatar Standard Time","cityName":"Ulaanbaatar"},
{"timeZoneName":"Australia/Eucla","formattedTimeZoneWithOffset":"UTC +08:45 Australian Central Western Standard Time - Eucla","offset":525,"offsetNameShort":"GMT+8:45","offsetNameLong":"Australian Central Western Standard Time","cityName":"Eucla"},
{"timeZoneName":"Asia/Dili","formattedTimeZoneWithOffset":"UTC +09:00 East Timor Time - Dili","offset":540,"offsetNameShort":"GMT+9","offsetNameLong":"East Timor Time","cityName":"Dili"},
{"timeZoneName":"Asia/Jayapura","formattedTimeZoneWithOffset":"UTC +09:00 Eastern Indonesia Time - Jayapura","offset":540,"offsetNameShort":"GMT+9","offsetNameLong":"Eastern Indonesia Time","cityName":"Jayapura"},
{"timeZoneName":"Asia/Tokyo","formattedTimeZoneWithOffset":"UTC +09:00 Japan Standard Time - Tokyo","offset":540,"offsetNameShort":"GMT+9","offsetNameLong":"Japan Standard Time","cityName":"Tokyo"},
{"timeZoneName":"Asia/Pyongyang","formattedTimeZoneWithOffset":"UTC +09:00 Korean Standard Time - Pyongyang","offset":540,"offsetNameShort":"GMT+9","offsetNameLong":"Korean Standard Time","cityName":"Pyongyang"},
{"timeZoneName":"Asia/Seoul","formattedTimeZoneWithOffset":"UTC +09:00 Korean Standard Time - Seoul","offset":540,"offsetNameShort":"GMT+9","offsetNameLong":"Korean Standard Time","cityName":"Seoul"},
{"timeZoneName":"Pacific/Palau","formattedTimeZoneWithOffset":"UTC +09:00 Palau Time - Palau","offset":540,"offsetNameShort":"GMT+9","offsetNameLong":"Palau Time","cityName":"Palau"},
{"timeZoneName":"Asia/Chita","formattedTimeZoneWithOffset":"UTC +09:00 Yakutsk Standard Time - Chita","offset":540,"offsetNameShort":"GMT+9","offsetNameLong":"Yakutsk Standard Time","cityName":"Chita"},
{"timeZoneName":"Asia/Khandyga","formattedTimeZoneWithOffset":"UTC +09:00 Yakutsk Standard Time - Khandyga","offset":540,"offsetNameShort":"GMT+9","offsetNameLong":"Yakutsk Standard Time","cityName":"Khandyga"},
{"timeZoneName":"Asia/Yakutsk","formattedTimeZoneWithOffset":"UTC +09:00 Yakutsk Standard Time - Yakutsk","offset":540,"offsetNameShort":"GMT+9","offsetNameLong":"Yakutsk Standard Time","cityName":"Yakutsk"},
{"timeZoneName":"Australia/Adelaide","formattedTimeZoneWithOffset":"UTC +09:30 Australian Central Standard Time - Adelaide","offset":570,"offsetNameShort":"GMT+9:30","offsetNameLong":"Australian Central Standard Time","cityName":"Adelaide"},
{"timeZoneName":"Australia/Broken_Hill","formattedTimeZoneWithOffset":"UTC +09:30 Australian Central Standard Time - Broken Hill","offset":570,"offsetNameShort":"GMT+9:30","offsetNameLong":"Australian Central Standard Time","cityName":"Broken Hill"},
{"timeZoneName":"Australia/Darwin","formattedTimeZoneWithOffset":"UTC +09:30 Australian Central Standard Time - Darwin","offset":570,"offsetNameShort":"GMT+9:30","offsetNameLong":"Australian Central Standard Time","cityName":"Darwin"},
{"timeZoneName":"Australia/Brisbane","formattedTimeZoneWithOffset":"UTC +10:00 Australian Eastern Standard Time - Brisbane","offset":600,"offsetNameShort":"GMT+10","offsetNameLong":"Australian Eastern Standard Time","cityName":"Brisbane"},
{"timeZoneName":"Australia/Currie","formattedTimeZoneWithOffset":"UTC +10:00 Australian Eastern Standard Time - Currie","offset":600,"offsetNameShort":"GMT+10","offsetNameLong":"Australian Eastern Standard Time","cityName":"Currie"},
{"timeZoneName":"Australia/Hobart","formattedTimeZoneWithOffset":"UTC +10:00 Australian Eastern Standard Time - Hobart","offset":600,"offsetNameShort":"GMT+10","offsetNameLong":"Australian Eastern Standard Time","cityName":"Hobart"},
{"timeZoneName":"Australia/Lindeman","formattedTimeZoneWithOffset":"UTC +10:00 Australian Eastern Standard Time - Lindeman","offset":600,"offsetNameShort":"GMT+10","offsetNameLong":"Australian Eastern Standard Time","cityName":"Lindeman"},
{"timeZoneName":"Australia/Melbourne","formattedTimeZoneWithOffset":"UTC +10:00 Australian Eastern Standard Time - Melbourne","offset":600,"offsetNameShort":"GMT+10","offsetNameLong":"Australian Eastern Standard Time","cityName":"Melbourne"},
{"timeZoneName":"Australia/Sydney","formattedTimeZoneWithOffset":"UTC +10:00 Australian Eastern Standard Time - Sydney","offset":600,"offsetNameShort":"GMT+10","offsetNameLong":"Australian Eastern Standard Time","cityName":"Sydney"},
{"timeZoneName":"Pacific/Guam","formattedTimeZoneWithOffset":"UTC +10:00 Chamorro Standard Time - Guam","offset":600,"offsetNameShort":"GMT+10","offsetNameLong":"Chamorro Standard Time","cityName":"Guam"},
{"timeZoneName":"Pacific/Saipan","formattedTimeZoneWithOffset":"UTC +10:00 Chamorro Standard Time - Saipan","offset":600,"offsetNameShort":"GMT+10","offsetNameLong":"Chamorro Standard Time","cityName":"Saipan"},
{"timeZoneName":"Pacific/Chuuk","formattedTimeZoneWithOffset":"UTC +10:00 Chuuk Time - Chuuk","offset":600,"offsetNameShort":"GMT+10","offsetNameLong":"Chuuk Time","cityName":"Chuuk"},
{"timeZoneName":"Antarctica/DumontDUrville","formattedTimeZoneWithOffset":"UTC +10:00 Dumont-dUrville Time - DumontDUrville","offset":600,"offsetNameShort":"GMT+10","offsetNameLong":"Dumont-dUrville Time","cityName":"DumontDUrville"},
{"timeZoneName":"Pacific/Port_Moresby","formattedTimeZoneWithOffset":"UTC +10:00 Papua New Guinea Time - Port Moresby","offset":600,"offsetNameShort":"GMT+10","offsetNameLong":"Papua New Guinea Time","cityName":"Port Moresby"},
{"timeZoneName":"Asia/Ust-Nera","formattedTimeZoneWithOffset":"UTC +10:00 Vladivostok Standard Time - Ust-Nera","offset":600,"offsetNameShort":"GMT+10","offsetNameLong":"Vladivostok Standard Time","cityName":"Ust-Nera"},
{"timeZoneName":"Asia/Vladivostok","formattedTimeZoneWithOffset":"UTC +10:00 Vladivostok Standard Time - Vladivostok","offset":600,"offsetNameShort":"GMT+10","offsetNameLong":"Vladivostok Standard Time","cityName":"Vladivostok"},
{"timeZoneName":"Australia/Lord_Howe","formattedTimeZoneWithOffset":"UTC +10:30 Lord Howe Standard Time - Lord Howe","offset":630,"offsetNameShort":"GMT+10:30","offsetNameLong":"Lord Howe Standard Time","cityName":"Lord Howe"},
{"timeZoneName":"Pacific/Bougainville","formattedTimeZoneWithOffset":"UTC +11:00 GMT+11:00 - Bougainville","offset":660,"offsetNameShort":"GMT+11","offsetNameLong":"GMT+11:00","cityName":"Bougainville"},
{"timeZoneName":"Asia/Srednekolymsk","formattedTimeZoneWithOffset":"UTC +11:00 GMT+11:00 - Srednekolymsk","offset":660,"offsetNameShort":"GMT+11","offsetNameLong":"GMT+11:00","cityName":"Srednekolymsk"},
{"timeZoneName":"Pacific/Kosrae","formattedTimeZoneWithOffset":"UTC +11:00 Kosrae Time - Kosrae","offset":660,"offsetNameShort":"GMT+11","offsetNameLong":"Kosrae Time","cityName":"Kosrae"},
{"timeZoneName":"Antarctica/Macquarie","formattedTimeZoneWithOffset":"UTC +11:00 Macquarie Island Time - Macquarie","offset":660,"offsetNameShort":"GMT+11","offsetNameLong":"Macquarie Island Time","cityName":"Macquarie"},
{"timeZoneName":"Asia/Magadan","formattedTimeZoneWithOffset":"UTC +11:00 Magadan Standard Time - Magadan","offset":660,"offsetNameShort":"GMT+11","offsetNameLong":"Magadan Standard Time","cityName":"Magadan"},
{"timeZoneName":"Pacific/Noumea","formattedTimeZoneWithOffset":"UTC +11:00 New Caledonia Standard Time - Noumea","offset":660,"offsetNameShort":"GMT+11","offsetNameLong":"New Caledonia Standard Time","cityName":"Noumea"},
{"timeZoneName":"Pacific/Norfolk","formattedTimeZoneWithOffset":"UTC +11:00 Norfolk Island Standard Time - Norfolk","offset":660,"offsetNameShort":"GMT+11","offsetNameLong":"Norfolk Island Standard Time","cityName":"Norfolk"},
{"timeZoneName":"Pacific/Pohnpei","formattedTimeZoneWithOffset":"UTC +11:00 Ponape Time - Pohnpei","offset":660,"offsetNameShort":"GMT+11","offsetNameLong":"Ponape Time","cityName":"Pohnpei"},
{"timeZoneName":"Asia/Sakhalin","formattedTimeZoneWithOffset":"UTC +11:00 Sakhalin Standard Time - Sakhalin","offset":660,"offsetNameShort":"GMT+11","offsetNameLong":"Sakhalin Standard Time","cityName":"Sakhalin"},
{"timeZoneName":"Pacific/Guadalcanal","formattedTimeZoneWithOffset":"UTC +11:00 Solomon Islands Time - Guadalcanal","offset":660,"offsetNameShort":"GMT+11","offsetNameLong":"Solomon Islands Time","cityName":"Guadalcanal"},
{"timeZoneName":"Pacific/Efate","formattedTimeZoneWithOffset":"UTC +11:00 Vanuatu Standard Time - Efate","offset":660,"offsetNameShort":"GMT+11","offsetNameLong":"Vanuatu Standard Time","cityName":"Efate"},
{"timeZoneName":"Asia/Anadyr","formattedTimeZoneWithOffset":"UTC +12:00 Anadyr Standard Time - Anadyr","offset":720,"offsetNameShort":"GMT+12","offsetNameLong":"Anadyr Standard Time","cityName":"Anadyr"},
{"timeZoneName":"Pacific/Fiji","formattedTimeZoneWithOffset":"UTC +12:00 Fiji Standard Time - Fiji","offset":720,"offsetNameShort":"GMT+12","offsetNameLong":"Fiji Standard Time","cityName":"Fiji"},
{"timeZoneName":"Pacific/Tarawa","formattedTimeZoneWithOffset":"UTC +12:00 Gilbert Islands Time - Tarawa","offset":720,"offsetNameShort":"GMT+12","offsetNameLong":"Gilbert Islands Time","cityName":"Tarawa"},
{"timeZoneName":"Pacific/Kwajalein","formattedTimeZoneWithOffset":"UTC +12:00 Marshall Islands Time - Kwajalein","offset":720,"offsetNameShort":"GMT+12","offsetNameLong":"Marshall Islands Time","cityName":"Kwajalein"},
{"timeZoneName":"Pacific/Majuro","formattedTimeZoneWithOffset":"UTC +12:00 Marshall Islands Time - Majuro","offset":720,"offsetNameShort":"GMT+12","offsetNameLong":"Marshall Islands Time","cityName":"Majuro"},
{"timeZoneName":"Pacific/Nauru","formattedTimeZoneWithOffset":"UTC +12:00 Nauru Time - Nauru","offset":720,"offsetNameShort":"GMT+12","offsetNameLong":"Nauru Time","cityName":"Nauru"},
{"timeZoneName":"Pacific/Auckland","formattedTimeZoneWithOffset":"UTC +12:00 New Zealand Standard Time - Auckland","offset":720,"offsetNameShort":"GMT+12","offsetNameLong":"New Zealand Standard Time","cityName":"Auckland"},
{"timeZoneName":"Asia/Kamchatka","formattedTimeZoneWithOffset":"UTC +12:00 Petropavlovsk-Kamchatski Standard Time - Kamchatka","offset":720,"offsetNameShort":"GMT+12","offsetNameLong":"Petropavlovsk-Kamchatski Standard Time","cityName":"Kamchatka"},
{"timeZoneName":"Pacific/Funafuti","formattedTimeZoneWithOffset":"UTC +12:00 Tuvalu Time - Funafuti","offset":720,"offsetNameShort":"GMT+12","offsetNameLong":"Tuvalu Time","cityName":"Funafuti"},
{"timeZoneName":"Pacific/Wake","formattedTimeZoneWithOffset":"UTC +12:00 Wake Island Time - Wake","offset":720,"offsetNameShort":"GMT+12","offsetNameLong":"Wake Island Time","cityName":"Wake"},
{"timeZoneName":"Pacific/Wallis","formattedTimeZoneWithOffset":"UTC +12:00 Wallis & Futuna Time - Wallis","offset":720,"offsetNameShort":"GMT+12","offsetNameLong":"Wallis & Futuna Time","cityName":"Wallis"},
{"timeZoneName":"Pacific/Chatham","formattedTimeZoneWithOffset":"UTC +12:45 Chatham Standard Time - Chatham","offset":765,"offsetNameShort":"GMT+12:45","offsetNameLong":"Chatham Standard Time","cityName":"Chatham"},
{"timeZoneName":"Pacific/Apia","formattedTimeZoneWithOffset":"UTC +13:00 Apia Standard Time - Apia","offset":780,"offsetNameShort":"GMT+13","offsetNameLong":"Apia Standard Time","cityName":"Apia"},
{"timeZoneName":"Pacific/Enderbury","formattedTimeZoneWithOffset":"UTC +13:00 Phoenix Islands Time - Enderbury","offset":780,"offsetNameShort":"GMT+13","offsetNameLong":"Phoenix Islands Time","cityName":"Enderbury"},
{"timeZoneName":"Pacific/Fakaofo","formattedTimeZoneWithOffset":"UTC +13:00 Tokelau Time - Fakaofo","offset":780,"offsetNameShort":"GMT+13","offsetNameLong":"Tokelau Time","cityName":"Fakaofo"},
{"timeZoneName":"Pacific/Tongatapu","formattedTimeZoneWithOffset":"UTC +13:00 Tonga Standard Time - Tongatapu","offset":780,"offsetNameShort":"GMT+13","offsetNameLong":"Tonga Standard Time","cityName":"Tongatapu"},
{"timeZoneName":"Pacific/Kiritimati","formattedTimeZoneWithOffset":"UTC +14:00 Line Islands Time - Kiritimati","offset":840,"offsetNameShort":"GMT+14","offsetNameLong":"Line Islands Time","cityName":"Kiritimati"}]